tweet_id	stance-label	topic-label
1205160071887343616	1.0	4
1202595488438071296	1.0	2
1204042573746184193	1.0	1
1204950904761274368	1.0	1
1202716852415283202	1.0	2
1200935526687133696	1.0	3
1203508743712862209	1.0	5
1205404301733978114	1.0	1
1204790421903286274	1.0	5
1201046650455810048	1.0	2
1205085874628616192	0.0	1
1203807866404012038	1.0	3
1203710236995072005	0.0	1
1204713031785156613	1.0	2
1201001584894840833	-1.0	1
1200967405272330240	0.0	2
1203436179124838401	1.0	2
1205009385145024512	1.0	2
1204466056116477952	1.0	2
1205500975064109056	1.0	1
1202711088913141762	1.0	1
1205154297178144768	-1.0	1
1201065217037389825	1.0	1
1205552455997517825	1.0	1
1204412680871636993	-1.0	1
1204749238711664640	1.0	2
1204846617947328517	1.0	1
1202486960474017792	1.0	1
1200987965348077570	0.0	2
1204404088307408897	1.0	1
1203650098959441920	1.0	3
1204057787254239233	1.0	1
1205425249216413696	1.0	2
1201893759635656705	1.0	2
1204744226732331008	-1.0	1
1205163615164207105	0.0	1
1201048607589142528	1.0	1
1200985066479841280	1.0	1
1203135459074822144	1.0	1
1205093154388660225	1.0	2
1201854231835230209	1.0	1
1201036543886012421	1.0	1
1201080262462865409	-1.0	2
1203411857991536641	-1.0	1
1205224486825582592	1.0	2
1204327362352910336	1.0	5
1200929288612134914	1.0	1
1204967744887648256	1.0	1
1204374465351733248	1.0	4
1205628486968336384	0.0	2
1203326072634429443	-1.0	1
1201044522291081216	1.0	2
1205020966713212928	1.0	3
1203066829587013632	1.0	5
1200995135435132929	1.0	1
1203120380019236864	-1.0	2
1204098727511756802	1.0	2
1204309778673082368	1.0	2
1204460668339933184	1.0	2
1204744738173149185	-1.0	1
1203068196238090240	1.0	1
1205173215632461830	1.0	1
1204351156895584256	1.0	2
1204575304615944192	1.0	3
1205170251383619585	-1.0	1
1204434454304952320	1.0	1
1201070079087173633	1.0	5
1202215282665766912	1.0	2
1204780067106304000	1.0	2
1205110395914076160	1.0	4
1204078552351748101	1.0	1
1204692224203804672	0.0	1
1201027063093878785	1.0	5
1204006409316077569	-1.0	5
1201515482261667841	1.0	1
1201469192693862401	-1.0	1
1205517124820709376	1.0	1
1201221292147531777	1.0	1
1205027319968075776	1.0	2
1202729977805975559	0.0	2
1203047221442285569	0.0	1
1203033407661527041	1.0	2
1203611851117998080	1.0	1
1204883182769672192	1.0	5
1202891864401174528	1.0	2
1204785678539608065	-1.0	2
1203106874247258113	-1.0	1
1202953785817088007	1.0	3
1200952626118111232	1.0	2
1202484497121456130	1.0	1
1204085754986549255	-1.0	2
1203352117706153984	1.0	1
1204850878395469825	1.0	2
1204923732676030464	-1.0	1
1204301417449701376	1.0	2
1201069583903449088	1.0	2
1203059293479673857	1.0	1
1202186849684316160	1.0	1
1202991680338743296	1.0	1
1201055297093226497	1.0	2
1204262771728232449	1.0	1
1203032399359037440	-1.0	1
1204330457011085314	1.0	4
1203023667321540610	-1.0	1
1204211161782214656	-1.0	1
1205089749599444992	1.0	2
1203508245635178496	1.0	3
1200955681966362624	1.0	2
1205247018567917569	1.0	3
1204281050001600512	1.0	2
1204766659162103818	1.0	1
1203884570191564801	1.0	1
1202895178740187138	1.0	2
1205548440798846976	1.0	2
1204803475336417286	-1.0	2
1202182017682739200	1.0	1
1204007557473472512	1.0	2
1202627139083870208	1.0	1
1202964833739714561	1.0	1
1202387854472540161	1.0	1
1205292683335491585	1.0	2
1200937100926947329	1.0	2
1202981169693745152	-1.0	1
1201071916452208641	1.0	3
1203658460149297153	1.0	2
1202002208306483201	1.0	1
1205156214964928512	-1.0	2
1200950650949029888	1.0	4
1203670723123990528	1.0	1
1205147691036168192	1.0	1
1201026420568285184	1.0	1
1201386982745759745	1.0	1
1202775434250739712	1.0	1
1201482733194797057	1.0	2
1201078368973787136	1.0	4
1201023757847891968	-1.0	5
1204183793814380545	-1.0	1
1202190007592800256	1.0	2
1204488936892116992	1.0	1
1204765154191323137	-1.0	2
1204850447380615169	1.0	1
1203299980217389056	1.0	2
1204812864306978817	-1.0	2
1202514519626539008	1.0	1
1205169022599409665	1.0	2
1201282358189518848	1.0	5
1202950812672020480	1.0	1
1201059131009880064	1.0	1
1202445756210147329	1.0	5
1203269095816224768	1.0	2
1204334387841490945	1.0	2
1203841255811117056	1.0	5
1200928256234536960	1.0	2
1204391958531072000	1.0	2
1200933208067641345	1.0	1
1204745400998981633	1.0	5
1205556866442506240	1.0	2
1202437428428132352	0.0	1
1201052660595511297	1.0	1
1201026534733053952	1.0	2
1205525881118019585	0.0	1
1201035599127298048	1.0	1
1201995106854637568	0.0	1
1201068681855418368	1.0	2
1203989415900532736	1.0	5
1201008949656317958	1.0	1
1204335386287366144	1.0	2
1204461431237812224	1.0	3
1204734257874132992	0.0	1
1202711883930845184	1.0	1
1204407557038788608	1.0	4
1204162062001287170	1.0	1
1204833341515665414	1.0	2
1202685890230964240	1.0	1
1204897101710151680	1.0	1
1202900587056119808	1.0	1
1201109061762244608	-1.0	1
1204498649998405633	1.0	1
1204867534274433024	1.0	2
1205501869893783552	1.0	1
1204052132611141633	0.0	2
1202724218162466816	1.0	1
1204061164055007234	-1.0	1
1204980517835198465	1.0	2
1203948375873339393	1.0	2
1202928633817567232	1.0	4
1204761789629526017	1.0	1
1202721074154102784	1.0	1
1202517816441819136	1.0	2
1203058787126407168	-1.0	1
1202029190373097472	-1.0	2
1204690037608210432	1.0	2
1200965886565220352	0.0	2
1201512695700295681	-1.0	1
1204486235940696066	1.0	1
1203024181186531328	1.0	1
1201885644143955968	1.0	1
1204873437577007104	1.0	1
1205164869793861632	1.0	2
1205195186311221250	1.0	2
1200942841524105216	1.0	5
1204388226435338240	1.0	1
1202563510238101505	1.0	4
1202867130481299458	1.0	4
1201873191372763138	1.0	1
1203613073849716737	1.0	1
1204992821507215361	1.0	1
1201052420807237632	1.0	1
1203384505320583168	-1.0	2
1201162669312692225	1.0	1
1205132166033752067	-1.0	1
1204495668141797378	1.0	1
1205136662415757318	1.0	1
1202682066447585282	1.0	2
1203307824652177408	1.0	2
1202334761986871296	1.0	5
1201544810466693127	1.0	3
1204862963422760961	0.0	1
1200996894354231296	-1.0	1
1203792712073244672	1.0	1
1205245414389297152	1.0	1
1203983702247845889	-1.0	2
1204400683069431808	1.0	4
1201001586610163712	1.0	2
1204258132714803200	1.0	1
1203918982496997378	1.0	5
1204874050503200768	1.0	1
1201035286894931968	1.0	1
1205207939843268611	1.0	2
1204276282449633281	1.0	1
1200937103862960128	1.0	3
1201070082992029696	1.0	4
1205526044922589184	1.0	1
1204085052583362561	1.0	1
1205268947148271617	1.0	2
1201010564887134208	1.0	2
1205123417697128448	1.0	2
1202859995416715264	1.0	1
1203058458473439232	1.0	1
1204839060856020998	1.0	1
1201351282797101057	-1.0	1
1204190327860420608	1.0	2
1204309069692985345	1.0	2
1205301548420681728	0.0	1
1201521851513626624	1.0	1
1205366859660431365	1.0	1
1201029098316926976	1.0	1
1205123937274777603	1.0	1
1204849763075518464	1.0	3
1202048202108784640	1.0	1
1204172072919789568	1.0	5
1201052846667522054	1.0	1
1200937102365646848	1.0	3
1204775570309033985	1.0	1
1204804363807535104	0.0	1
1203356532533952513	0.0	1
1204760190660358144	1.0	1
1200943908907364352	1.0	4
1203346382041600001	1.0	1
1202948971318185984	1.0	1
1203455347219824640	1.0	2
1202699642175180809	1.0	2
1205174157157253120	1.0	2
1203917287683690503	-1.0	5
1205195672628027392	1.0	2
1203970887625662464	1.0	3
1200935960340553729	0.0	1
1204975164464734208	1.0	1
1205526093106573312	1.0	1
1200961739346497539	-1.0	3
1205210179400126464	-1.0	2
1203195719932186624	0.0	2
1202654947051024386	-1.0	3
1202616311559442432	1.0	3
1202740948079271937	1.0	1
1201529370940186625	-1.0	1
1204095457644990474	1.0	4
1203708659668115459	-1.0	2
1205125289531105280	1.0	3
1204751766891438083	1.0	1
1204851848571752448	1.0	2
1203002752072388609	0.0	1
1201028294436507648	1.0	1
1202687311361630209	1.0	5
1204478336384327680	0.0	2
1203106672517869568	1.0	1
1202786094682640384	-1.0	1
1203499435164090368	0.0	1
1202952315369603075	1.0	4
1203138678895169537	1.0	5
1205001871590658048	1.0	1
1204574075273850880	1.0	1
1202601941706137601	1.0	1
1204874807356952576	1.0	1
1200975035827130373	1.0	1
1203010506123988992	1.0	1
1204808779767975938	0.0	1
1200951657300922369	1.0	2
1203780669656027136	1.0	1
1203458401038163970	1.0	1
1204077771737174016	1.0	1
1204533256504266752	1.0	1
1205544778299060224	-1.0	1
1203023740583452673	1.0	2
1201007821145415680	1.0	1
1205341443851579392	1.0	1
1204265939161759745	1.0	1
1205533072344657922	1.0	1
1204413195072331781	1.0	1
1205118731535495173	0.0	1
1205165302222184454	1.0	1
1200931646880411648	1.0	1
1203069881299525633	-1.0	2
1203121505028231168	1.0	1
1202946980676288512	1.0	1
1204712621758459904	1.0	2
1204584568453386240	1.0	1
1202981023455285248	1.0	2
1204282898662084609	1.0	1
1202655984382103552	1.0	1
1205477526006427648	1.0	1
1202795358704680960	1.0	1
1204088882532360201	1.0	1
1205182425741086722	1.0	1
1204056668809486337	1.0	1
1201025335120162817	1.0	2
1201024861298184194	1.0	1
1205422118193774597	1.0	2
1201747408377372672	1.0	1
1204410481357705216	0.0	1
1204991095140167681	1.0	1
1204484186435796992	1.0	1
1205359600071061505	-1.0	2
1201271768511586304	-1.0	1
1204749956210417664	1.0	2
1205160625321758722	1.0	4
1201009239293956096	1.0	2
1203750956195708928	1.0	2
1203219407067058176	1.0	2
1202717624800628738	1.0	1
1205457841160519681	1.0	1
1205148565770817537	1.0	1
1205484842361610240	-1.0	1
1200937093251379202	1.0	5
1203179596830535681	0.0	1
1202824880787312640	1.0	5
1204759924711907333	1.0	1
1200963057180200961	-1.0	1
1204299949657247744	1.0	1
1201985389231251458	1.0	4
1203022173901864973	1.0	1
1203750670660227073	1.0	2
1203852292048338946	1.0	1
1201677904763084802	0.0	1
1200999725115281408	1.0	4
1204868766514974724	1.0	3
1203947414069170176	1.0	1
1201013536572338178	-1.0	1
1202844324762812416	1.0	2
1204430576905793541	1.0	1
1203578836631330816	0.0	1
1201779864258457600	1.0	2
1204898812608831493	1.0	4
1201027592502931456	1.0	1
1201384323926175744	1.0	1
1204630335474032640	1.0	1
1205108925344997376	1.0	4
1201018943621591043	-1.0	1
1204912355458445312	1.0	1
1200937531770101762	0.0	2
1205138348249141249	0.0	1
1202047379135848450	-1.0	1
1205498310204809217	1.0	1
1203334619296350209	-1.0	3
1205267122647003136	1.0	1
1203386619132358657	1.0	3
1203659795343040512	1.0	1
1203014097802948610	0.0	1
1202157925294325760	1.0	3
1204475617028321280	1.0	2
1204304773622702080	0.0	1
1204121152563617794	1.0	4
1205065239722483714	1.0	1
1201384504469774336	-1.0	1
1202380785472483330	1.0	1
1201046537431736321	-1.0	1
1205192428787032064	1.0	2
1203647029789872129	-1.0	1
1201063526577651713	1.0	1
1201003715928326145	0.0	2
1204354436199600128	1.0	1
1204261376291557376	1.0	2
1205486544317870080	1.0	1
1200977740452773888	1.0	1
1203263165338750977	-1.0	1
1203650373212352512	1.0	1
1204415368342601728	1.0	1
1201049199556661248	0.0	1
1202953361840050181	1.0	4
1203860620082237440	1.0	2
1204781477591801856	1.0	2
1201250499699363841	1.0	1
1202608649383772161	1.0	1
1203694893660426245	1.0	1
1201860063079612416	1.0	1
1200937097982619648	1.0	5
1201051318850379776	1.0	1
1205022190753796096	0.0	1
1204810733856415744	1.0	1
1205501458751381506	1.0	1
1203498672115335168	1.0	2
1203976328829030401	1.0	2
1202818449111539712	1.0	1
1203685398263685123	1.0	1
1202614515050930176	1.0	3
1205467309789319168	1.0	1
1202923732584607745	1.0	1
1201160659301552129	-1.0	2
1203589592454053888	1.0	1
1204534391260635136	1.0	4
1205268046912393217	1.0	1
1204394788629438464	1.0	4
1204642462737690624	0.0	1
1203310529579798528	1.0	1
1202306627606663177	1.0	3
1204813855844634625	-1.0	2
1205259528775835658	0.0	2
1205470172498280450	1.0	1
1202719568587829248	-1.0	1
1203419286758469632	1.0	2
1205252822809362433	1.0	2
1204790257675321344	1.0	4
1203017967073513472	1.0	1
1205335123161313281	1.0	2
1204176298681282560	1.0	2
1203751281745108992	1.0	1
1200947187095678977	0.0	1
1202822482140553216	1.0	3
1204167547018461186	-1.0	1
1204763300908732416	-1.0	1
1204683544225705984	1.0	2
1201049206192050178	1.0	1
1202802128890150912	1.0	2
1205285396718014464	1.0	1
1203071632543232009	1.0	1
1202182352832614401	1.0	1
1204260385475268610	1.0	2
1205416450162192384	1.0	1
1205121030722859008	0.0	1
1200986484700041217	1.0	2
1205029439928553472	1.0	1
1204798521011888129	1.0	1
1200989472617304064	1.0	1
1201537407792881664	1.0	2
1204806100454907905	1.0	2
1201899274264555521	1.0	2
1204541918484586502	1.0	4
1200976846873153537	1.0	1
1204130163648106496	1.0	2
1200978584652763136	-1.0	1
1203350706490490880	1.0	1
1204821583316967424	0.0	1
1203586606604664832	1.0	1
1202712233580670976	1.0	5
1204330337179815937	1.0	5
1204860113938505728	1.0	1
1201361868385857536	1.0	1
1205244423489110021	1.0	1
1204394650519375872	1.0	2
1203345158063955969	0.0	2
1203790892739579904	1.0	2
1204696157647233024	1.0	2
1201068527446347776	1.0	1
1201005503192748033	1.0	4
1204828247483146240	-1.0	3
1202958245863837696	1.0	1
1205317255384449024	1.0	2
1202937744906784768	1.0	5
1201049219429228545	1.0	1
1201730975429881856	1.0	4
1205473197174509568	1.0	2
1200935684913213443	1.0	1
1201043115169189888	1.0	1
1205531772806557697	1.0	1
1203345794474151936	1.0	3
1204309836768456704	1.0	1
1201804781959798785	1.0	1
1202606147770826752	1.0	1
1203771124871335936	1.0	1
1202706900069957632	1.0	1
1204697251337134080	1.0	1
1203482493665587200	1.0	1
1204729679443136517	1.0	3
1205412910077366273	1.0	1
1203681972469534721	0.0	1
1205056162057469953	-1.0	1
1204770744854552577	1.0	1
1200932775701798913	1.0	1
1202663446036303873	0.0	3
1202767579275759616	1.0	4
1203489520160845824	-1.0	1
1202788770212282369	1.0	2
1205621897037328392	0.0	1
1202965536922992640	1.0	1
1203009793448796161	0.0	2
1204747049205415936	0.0	1
1201069307607814145	0.0	1
1201740751115153408	1.0	1
1203957895634669568	0.0	1
1202976017058545664	1.0	2
1202853971813003264	0.0	1
1205201722181849089	1.0	2
1204203665562705926	0.0	1
1202543001484058626	1.0	1
1200966041016254465	1.0	5
1201004553551990784	1.0	4
1201036746915565568	1.0	1
1203414365950611458	1.0	2
1205433712311259137	1.0	1
1204509224996179969	1.0	3
1204749377912233985	1.0	1
1204174106456993793	1.0	2
1201941705076793344	1.0	1
1203997334549364736	1.0	5
1205139271126077442	1.0	1
1203374096945467393	1.0	5
1204874689618821129	1.0	1
1204929416687734787	1.0	1
1205393030712381440	1.0	1
1205400340444651520	1.0	1
1201058136074919936	1.0	1
1204584679829098497	0.0	2
1202597472016703489	1.0	2
1204744446325219328	1.0	2
1202350364953075712	0.0	1
1200988335524573184	0.0	1
1204350941454954496	1.0	2
1205461948428632066	1.0	1
1204045249812799489	0.0	2
1201037272013049856	1.0	1
1205219033961947136	1.0	1
1201079353049862144	1.0	1
1204345862974930945	-1.0	1
1204184251924729856	1.0	2
1204405157775249408	1.0	2
1203780521320419333	1.0	1
1204690941035995136	1.0	1
1204780257494089730	1.0	1
1201033053692284929	1.0	4
1203001275132104705	1.0	1
1201037109223665664	1.0	5
1201019662080905216	1.0	1
1203778555928350723	1.0	4
1204269985708695552	0.0	2
1203344461612408832	1.0	1
1202847649923313664	1.0	1
1202882004192256001	1.0	1
1204343528207396864	1.0	2
1204888168740401154	1.0	1
1205337863908278278	1.0	1
1201076247570374656	1.0	2
1205478657306824704	1.0	2
1201048416324898817	1.0	4
1204184424755142657	0.0	1
1205299585062588416	-1.0	1
1204719244765736960	1.0	2
1205497866006990848	1.0	1
1202624062922428419	1.0	1
1201716615106179073	-1.0	2
1200965108593127424	1.0	2
1205040619946729472	1.0	2
1202231065911402497	1.0	1
1200933461801877504	1.0	2
1204718289856991232	1.0	1
1202874990825295872	1.0	2
1203562838159052800	1.0	1
1202528037952081920	1.0	2
1204096956013961216	1.0	3
1201052062211100672	1.0	3
1202599102388875264	1.0	1
1203011838142599168	1.0	1
1203043152673804288	-1.0	1
1203062923582525440	1.0	1
1204916754859905024	1.0	2
1205271777271787520	1.0	1
1204326503414059014	1.0	1
1205321104279117825	1.0	2
1204436363849826304	1.0	1
1204869343802056704	0.0	1
1205593247101411328	1.0	3
1200987951326519300	1.0	2
1204900346100944897	-1.0	1
1204795608621449216	1.0	1
1202978653069611009	1.0	2
1202987984997380097	1.0	1
1203819867822014464	1.0	1
1205434689273511938	1.0	1
1203495447483973633	1.0	2
1205399466938904577	1.0	1
1205293945732898816	1.0	1
1202850145953443840	1.0	1
1202810019579756544	1.0	1
1202591927041810433	1.0	1
1205213163265769473	1.0	1
1202893707311276032	1.0	2
1203019113251168258	1.0	1
1204700982971707393	1.0	1
1202415374194462720	1.0	1
1204398249689468929	1.0	2
1205408419554967554	1.0	1
1203183532987670528	1.0	1
1204261711877771264	1.0	1
1202692102175543298	1.0	1
1201906680625344513	1.0	2
1201488783448977409	1.0	1
1203391975044665344	1.0	4
1204475634380165120	-1.0	1
1202378429699510272	-1.0	1
1201045427023314944	1.0	1
1204260231988965379	1.0	1
1201064301185785861	1.0	1
1203193173092245504	1.0	4
1204502234223923200	1.0	1
1204709182953398272	1.0	2
1204229335042809861	0.0	1
1201011438015238144	1.0	2
1204808327584239616	0.0	2
1205620116286791680	-1.0	2
1200984410218123264	-1.0	3
1203322728578764801	1.0	4
1201045180385812483	1.0	2
1203798726717956098	1.0	1
1203485608670138368	1.0	1
1200976454068195333	1.0	2
1201071284995710977	-1.0	1
1201842438559748099	1.0	1
1204435703653900288	1.0	1
1204819383891054592	1.0	2
1202987226159816705	1.0	2
1204453589088780288	1.0	1
1204564880373751810	1.0	1
1204808059534467072	1.0	2
1204504445859565576	0.0	1
1201811787068215297	1.0	3
1203028547717095424	1.0	5
1204783181020295168	1.0	1
1203990154060406787	1.0	2
1201049209174138880	1.0	5
1203622451457990657	1.0	2
1203481704964358144	1.0	1
1201033518068813824	1.0	2
1204913705856585735	-1.0	1
1201360620421038080	-1.0	5
1201914073756995584	0.0	2
1201923057734037504	-1.0	1
1205386710797844480	1.0	3
1203886067981701120	-1.0	1
1201038255866540032	1.0	1
1205119808812941314	1.0	2
1201315042777370624	1.0	1
1203072653814165505	0.0	1
1203420430511607811	1.0	1
1204890683091439620	0.0	2
1204772867730235394	1.0	1
1202246848733425665	-1.0	1
1200940516105437185	1.0	1
1203274183595249664	1.0	1
1205067254074732544	1.0	3
1202610176387436545	1.0	1
1204795393306963968	1.0	1
1203042143582838784	1.0	1
1203982691395354625	1.0	1
1204171556747825153	1.0	1
1201078138605883398	1.0	4
1204749388352016386	0.0	1
1204741948797534208	1.0	2
1203342485721882624	-1.0	1
1205620740466212864	1.0	1
1201049210461786113	0.0	1
1200973788034326528	1.0	1
1202507399577387008	1.0	1
1201043830360989697	1.0	1
1204536274297610240	1.0	4
1205039977907666944	-1.0	3
1200957780666044416	1.0	1
1204427936415092736	1.0	2
1203079664723537920	1.0	1
1203223125237780480	1.0	1
1201032737227972608	0.0	1
1202806071141646336	1.0	1
1205200730862358533	-1.0	1
1204914500941598721	0.0	1
1204866027936501760	1.0	2
1205125640359469056	1.0	1
1203230976396144641	1.0	5
1203002245698277377	1.0	1
1204671527565742080	1.0	2
1205244214000443392	1.0	2
1200941359093485569	1.0	2
1201049198411632640	1.0	1
1203613911775211520	-1.0	1
1204454776437649408	1.0	1
1204903502247387137	1.0	1
1200959983661277184	0.0	1
1204894939215212544	-1.0	1
1203386781011308544	1.0	1
1204984942129606656	0.0	1
1203300698928103427	1.0	1
1200971478063206401	1.0	1
1203441636484751361	1.0	3
1202627998165426177	1.0	4
1202986680057303045	1.0	1
1200994196255117313	1.0	1
1203043070687817729	0.0	1
1201401400917286914	1.0	5
1202859062385397762	1.0	4
1201070667032092672	1.0	3
1201103349749342208	0.0	1
1203097197010665472	0.0	1
1202324769154195456	1.0	4
1205388851323129856	-1.0	1
1202704236917743616	1.0	1
1204660340635701248	1.0	1
1205097817510940673	0.0	2
1203291031455838208	1.0	1
1201183394048049157	1.0	1
1201937296033026055	1.0	1
1201060884652679169	1.0	1
1205251749826748417	-1.0	1
1203071113875656706	1.0	1
1201551878179307520	1.0	1
1202900763497775105	1.0	1
1201651202800402433	1.0	2
1202273505049374721	1.0	1
1202988415450525702	0.0	2
1205546553127116800	1.0	1
1201074035209187329	1.0	1
1202624122678906885	1.0	1
1203389653795164160	1.0	2
1203201404783013889	1.0	1
1202899996074483713	1.0	3
1203936124445442049	1.0	2
1205204782647926784	1.0	2
1205009449993129984	1.0	2
1203479288588185602	1.0	4
1204997559917268992	1.0	1
1201047662159683587	0.0	1
1203333985348333568	1.0	3
1200937094975279108	1.0	5
1202997012842602497	1.0	2
1204189312331313152	0.0	2
1201031913538031618	1.0	1
1204175124091424768	1.0	2
1201825043619209217	1.0	2
1204733757208567808	1.0	1
1202988837712072707	1.0	3
1204054984549183494	1.0	2
1205276335683375104	1.0	1
1202815001074917376	1.0	4
1205257593712713728	1.0	2
1204804043765243904	1.0	3
1202704435354329088	1.0	5
1204357512578732032	1.0	2
1200940880443645952	1.0	2
1202925558679691265	1.0	1
1204230416976072705	1.0	4
1202141065115000833	1.0	1
1205397021277995009	1.0	1
1201571024095064071	1.0	2
1201577811061940230	1.0	1
1201332216850079745	1.0	2
1203838607565283328	1.0	1
1204510910594928642	1.0	1
1205364550721298432	1.0	1
1205049204386615298	1.0	1
1203045418139082752	1.0	1
1205534310381637632	0.0	1
1205239479520374805	-1.0	1
1200933532861755392	1.0	5
1200982856303955968	1.0	4
1203309291471613952	0.0	2
1204886156904669184	-1.0	2
1202865002547499008	1.0	1
1204609286459932674	1.0	1
1202814737668546560	1.0	1
1204169713691086854	1.0	1
1202663500226662403	1.0	1
1201007829362102277	1.0	1
1203241760375398400	1.0	1
1201021616907522048	1.0	1
1204564095392874497	1.0	2
1203283011174690817	1.0	1
1203576225329012736	1.0	3
1205238804707192838	1.0	2
1201070575864754176	1.0	1
1201809683104722944	1.0	1
1204727799807799297	1.0	1
1202824481518964736	1.0	1
1201567055973167104	0.0	1
1202967246533988358	1.0	1
1202771411049287682	0.0	1
1205056901484077056	1.0	1
1205503028456853504	1.0	3
1203333226485424129	0.0	2
1205508936687747072	1.0	1
1202970658583535617	1.0	1
1205596022250049537	1.0	1
1203638656499699713	1.0	3
1201049090857033729	1.0	1
1202821811932545024	1.0	5
1201418282382876672	1.0	1
1203111395203510273	0.0	1
1203019457691635717	-1.0	1
1202892806135668736	1.0	1
1205113930609254401	1.0	2
1202824561982619648	1.0	1
1203076672536416257	1.0	5
1204856831484579841	1.0	1
1203002129927020546	1.0	1
1204796093399228417	1.0	1
1203431463451914240	1.0	1
1201274780118372353	1.0	3
1203537300602228736	1.0	5
1201034350655148032	1.0	1
1201078189281435649	0.0	1
1203798599630348289	1.0	2
1204497914585845761	0.0	1
1205354066685169664	-1.0	1
1203031770410737664	1.0	4
1201071661774245888	1.0	3
1204081899947397126	1.0	1
1202690193251340289	1.0	1
1202689362174984194	1.0	4
1204585680548044800	1.0	4
1201047268608098304	1.0	2
1201029427158769664	1.0	3
1201043141442392064	0.0	1
1203061266148933632	1.0	2
1201336124033118214	1.0	1
1205272792209465344	0.0	2
1201559550584709120	1.0	1
1202686283518267392	-1.0	1
1204402660566347777	1.0	2
1204135418351910912	1.0	1
1202736499504009216	-1.0	1
1201576852848033793	1.0	3
1203025066482638850	1.0	1
1204266745218732032	1.0	4
1204010872978329600	1.0	4
1200937099454758914	1.0	3
1204808842476969984	1.0	1
1204286208525795328	1.0	2
1205336297197449216	1.0	1
1204321177650511872	1.0	2
1204799744389730304	1.0	2
1202114583026192384	1.0	4
1203225718869630976	1.0	1
1202845761945374721	1.0	1
1204449805734436864	1.0	1
1202672825435377666	-1.0	1
1205183400430190599	1.0	2
1202620384014671874	1.0	2
1202208921823383553	1.0	1
1203312023792173056	1.0	1
1204808701267398660	1.0	1
1201271370170040321	1.0	2
1200938241307770881	1.0	1
1202317949538914314	1.0	5
1205516937943486464	1.0	1
1203774459724759040	1.0	1
1204757509812174848	1.0	2
1201006931269300229	1.0	1
1205133695734161408	-1.0	2
1203854115803021315	1.0	1
1202531189724200960	1.0	1
1201063833760129025	-1.0	1
1204135927989317633	1.0	1
1201540945617002496	1.0	1
1205503609640771584	1.0	1
1204771424650444810	1.0	2
1202891466852438016	1.0	1
1204149741384273921	-1.0	2
1204738529873551361	1.0	1
1205507120780595205	1.0	1
1205168698270658560	1.0	1
1201381495480258561	1.0	1
1201013843486543872	0.0	1
1200934857368621056	1.0	1
1201039761789468673	1.0	1
1204770754186874880	1.0	1
1204603397841682432	1.0	1
1200985123996483585	1.0	4
1200967311836041216	1.0	1
1204438583442051077	1.0	1
1204011803405160448	1.0	2
1203873145876307969	1.0	2
1200963107788595200	0.0	1
1204459936404639747	-1.0	1
1203521190964256768	1.0	1
1205209439294410754	1.0	2
1204201959420383234	1.0	2
1201434316711972869	1.0	1
1205475597557751808	1.0	1
1203040123635548162	1.0	1
1201837619417669632	1.0	2
1203378080313573376	1.0	1
1203481206337261568	1.0	2
1203719191892770821	1.0	1
1205184785469124610	1.0	2
1203226171577708544	1.0	1
1201048411841204224	1.0	1
1205333371011895302	-1.0	2
1205241632691556353	1.0	2
1204756419326689280	1.0	1
1205401210703859712	-1.0	2
1203352812467437569	1.0	1
1204835851336699904	1.0	1
1205146062391955456	1.0	1
1205087468795678720	1.0	2
1204876316820082688	1.0	2
1203400123113332736	1.0	1
1202706443637547010	1.0	2
1203275400392138753	1.0	1
1205493545458532358	1.0	1
1202434827116376065	-1.0	1
1205563979344629760	1.0	2
1204839348681789440	1.0	1
1201979125281542144	0.0	3
1201750607477886979	1.0	1
1201002656560549888	1.0	1
1205078387515113472	1.0	2
1204760919009611778	-1.0	1
1202772787888185344	1.0	2
1205133536950403077	-1.0	1
1201031996446838784	1.0	1
1204151295977897985	1.0	1
1204022310245740556	1.0	1
1204852636354318337	1.0	4
1202807251318145024	1.0	3
1205130900800966657	1.0	1
1204159000767385600	0.0	1
1203296585930739717	-1.0	1
1201023842262536193	1.0	1
1204390886781734912	1.0	2
1203992889417711616	1.0	1
1203441423514660864	1.0	2
1204683692402204678	1.0	2
1201866841485979653	1.0	1
1205074433829953536	0.0	2
1203027678590316546	1.0	5
1201101729196060678	1.0	1
1204140419631632385	1.0	2
1201014706925797377	1.0	2
1205148154682904578	1.0	2
1204300011523248128	1.0	1
1205431647845408768	1.0	1
1202207487816011777	1.0	1
1205391722932518912	1.0	1
1203591207902859264	1.0	2
1201009325562417159	1.0	1
1204212198119227392	1.0	2
1204006562802622464	1.0	3
1203850204669083648	0.0	4
1203364023523135489	1.0	2
1202625043014045698	1.0	1
1202919883912036352	1.0	1
1205568540960608258	-1.0	1
1205135466112147462	1.0	2
1205223866987139073	1.0	1
1204170188909883393	-1.0	1
1205120077630263297	1.0	1
1203025568599597058	1.0	1
1205115582091288577	0.0	1
1204808086625673216	1.0	1
1203761793992024064	1.0	1
1204717523230449664	1.0	2
1201189523121528832	1.0	1
1201526021226450944	0.0	1
1203902548454903809	1.0	1
1204774383094509568	1.0	1
1201069549157670912	1.0	4
1200985771974516736	1.0	1
1205129988590260224	1.0	1
1203500501133910017	1.0	2
1203484750834524161	-1.0	1
1205515168815312898	1.0	1
1203188098588389376	1.0	1
1200956395731832832	-1.0	2
1202872878334562305	1.0	1
1203252767768416256	1.0	1
1205097511708512256	1.0	1
1204452157132546055	1.0	3
1205558532571045889	1.0	2
1202785388726648832	1.0	2
1201070622312452096	1.0	4
1202894552740192257	1.0	5
1201541021160660992	1.0	2
1205131289730437126	1.0	2
1201029873231261696	1.0	1
1205193009027067906	1.0	1
1201074740095541248	1.0	1
1203948981329383424	1.0	5
1204948461239578625	0.0	1
1204718469528244224	1.0	5
1203325827288580096	1.0	4
1204596331844521984	1.0	1
1205501093435920384	1.0	2
1204165831346647040	-1.0	1
1205268570269241345	0.0	1
1205004664661565440	1.0	1
1203348566875480066	1.0	1
1204692048596602881	1.0	1
1203629345463390209	-1.0	1
1203111402837348354	1.0	1
1203559474910261248	0.0	1
1204086113784213504	0.0	4
1202882294689628161	1.0	1
1205249296209104896	1.0	2
1204943772573982721	1.0	1
1204993344360734722	1.0	2
1204900878605529088	1.0	1
1201548464917630983	0.0	1
1201867958747680768	1.0	1
1205194968807034881	1.0	1
1201070997564207104	1.0	1
1201072245457600513	1.0	2
1203678397018324993	1.0	2
1204391335286988803	0.0	1
1200976814023163904	0.0	1
1203974298404343808	1.0	1
1202821970825318401	1.0	1
1202290912614699008	1.0	1
1204829272130625537	1.0	2
1200970608567312384	0.0	1
1202512037143859200	-1.0	1
1200990222084911104	-1.0	1
1202928649240039425	1.0	1
1203339556906422272	1.0	2
1202371485572239360	1.0	3
1203059720073793536	1.0	1
1202468327546748929	1.0	1
1201024901106163712	1.0	1
1204347683558821890	1.0	2
1200935562024308737	1.0	1
1203603743297691648	1.0	1
1204884859170115585	0.0	5
1205084652987240450	1.0	1
1205194669157543936	1.0	4
1203733297572057088	-1.0	1
1202789383239274496	1.0	2
1205326508518076416	1.0	4
1202590950238801925	1.0	1
1204220671825301505	1.0	1
1201079483232440320	1.0	4
1200979191124185090	-1.0	1
1204885960720150530	0.0	2
1203981654525530114	-1.0	2
1204840470947364864	0.0	1
1205093307698708481	1.0	1
1204856609085636608	1.0	1
1204677058477150208	1.0	2
1203577619834294273	1.0	1
1203095505447931905	1.0	1
1205155096113426432	1.0	1
1201794444476985344	1.0	2
1205379320899948544	1.0	1
1205402523659489280	-1.0	2
1204889759178465286	1.0	2
1203037270535745541	1.0	1
1205518813342707713	-1.0	1
1205052593942212610	0.0	2
1204166958909919233	1.0	1
1204823607005892613	1.0	4
1204212495168262146	0.0	1
1200947311016390657	1.0	1
1205537460220026880	1.0	2
1204368393375272960	1.0	5
1201474880115531782	1.0	1
1204083839804596225	1.0	1
1204158650677370880	1.0	1
1202905180070535170	1.0	1
1202676081062531077	1.0	2
1203682951550119939	1.0	1
1204610984314318848	1.0	2
1200989816373927936	-1.0	1
1201049217084645376	1.0	1
1205185255335845889	1.0	4
1201035340192124929	1.0	3
1205637374824341505	0.0	1
1202848050831605760	1.0	2
1204765955680800769	0.0	2
1203392920230875136	1.0	1
1203580740606128128	1.0	2
1205477629937246218	-1.0	2
1205307135665614849	1.0	1
1201049218233880576	1.0	2
1205009664116695040	-1.0	1
1205307552642170880	1.0	5
1203014917437173760	1.0	1
1205546406448181248	1.0	1
1204445755286654978	1.0	5
1204926617035952130	0.0	2
1204937946672951296	1.0	1
1204091952729382918	1.0	1
1202936980503289857	1.0	1
1203764291431743488	1.0	1
1200950190737416192	1.0	4
1203331885784535041	1.0	4
1204361109978923008	1.0	2
1200938116699189248	1.0	2
1203921133386395648	1.0	1
1205468260998819840	-1.0	1
1201837307386646530	-1.0	2
1200968302400393216	0.0	1
1204975875596242948	0.0	1
1204745867699335169	-1.0	2
1204927471331635200	1.0	2
1205549240753303552	1.0	1
1204108199802146819	1.0	2
1205166682647470080	1.0	1
1205330986189434881	0.0	1
1205066619883413504	-1.0	2
1204895708949729283	1.0	2
1203786567157862400	1.0	5
1203478311416090624	1.0	3
1201859126000848899	1.0	1
1201037590322982912	1.0	1
1201532694838075392	1.0	2
1202301952861855744	1.0	4
1204871073172357120	1.0	1
1204550972732825600	1.0	1
1200984715961880576	1.0	1
1203573954226425857	1.0	2
1203474699197599744	1.0	1
1201579596984004610	1.0	1
1204299878760734720	1.0	2
1203115401246380032	-1.0	1
1201801955397586945	-1.0	1
1204018482297393154	1.0	1
1205277607639445504	1.0	1
1201767438980960257	1.0	3
1202943339575873536	1.0	1
1204752691936813057	1.0	3
1201049472480030721	1.0	2
1203076759064895488	1.0	1
1201060724333850625	1.0	2
1202215544331624448	1.0	1
1204386588970639361	1.0	2
1203245358697988096	1.0	5
1203185763803914240	1.0	1
1200944528196157440	1.0	4
1203404950941917185	1.0	3
1201054636972630016	-1.0	1
1200974156629590016	1.0	1
1201082988693348352	1.0	5
1204819643392770053	1.0	1
1204004349686558720	1.0	2
1205459356063428610	0.0	1
1203586262591918080	-1.0	2
1204459581436579841	-1.0	2
1205165825352773633	1.0	5
1203269042255138816	1.0	1
1204829916493160448	1.0	2
1205527772493303808	1.0	2
1201325240036417536	-1.0	1
1205305651619975169	1.0	1
1205521333620224001	1.0	1
1204755865393254401	1.0	1
1204508290568400897	1.0	1
1205138912353640448	1.0	2
1205349181755404288	1.0	1
1205015696930942976	1.0	1
1201071099397726208	1.0	4
1204328429111279621	1.0	1
1205419334094319616	1.0	1
1201037012758859777	1.0	4
1200957693344845825	1.0	4
1204973855510392834	1.0	1
1203468127851302912	1.0	2
1200961291113902080	0.0	1
1205057479438163968	1.0	3
1203161001937399808	1.0	2
1203113948720979973	-1.0	1
1204533266927300609	1.0	1
1204772353583898624	1.0	1
1205428684347195393	1.0	2
1203775427229233154	1.0	2
1201062276012359681	1.0	1
1205016466627710977	1.0	2
1202704354110836736	0.0	1
1201059330679824385	1.0	1
1204591232975900672	1.0	2
1204829193764257792	0.0	1
1204484647981342725	1.0	4
1205192055405723648	1.0	1
1202572802244694016	0.0	1
1203316444706029568	0.0	1
1205535618870190081	1.0	4
1205074748524417026	1.0	1
1201057213944619009	1.0	1
1204025068705193984	1.0	5
1204634200105603073	1.0	1
1204775494207582209	1.0	2
1201031645983379457	1.0	2
1203004681007632386	1.0	2
1204568388099547136	1.0	1
1201066531830022145	1.0	1
1203099811538337792	1.0	2
1204264565845975041	1.0	1
1200950459634049026	1.0	4
1203859126637539335	1.0	1
1205214155537436672	1.0	1
1203777528449654785	-1.0	2
1201079836908957697	1.0	1
1201012810005786624	1.0	4
1201008090604351488	1.0	1
1203792368870318081	1.0	1
1203008804398542849	1.0	1
1205197504511389697	1.0	2
1204223697122258944	1.0	2
1202621095637143552	1.0	1
1202843070288388101	1.0	2
1201017565126021121	1.0	1
1204354242175107072	1.0	2
1203418330402410496	1.0	1
1200998387308474368	1.0	1
1201041161210810368	1.0	1
1203754682620841984	1.0	2
1205554824722280448	1.0	3
1203077629307473921	0.0	1
1205470789761404929	1.0	2
1204036998085906432	1.0	1
1205200427068936192	1.0	1
1204768919153709056	1.0	4
1203816582180290560	1.0	2
1204804322560790529	1.0	3
1204906564106063872	1.0	1
1203490900371861504	1.0	5
1201072936700063744	0.0	1
1205159544701227008	1.0	2
1204865875251277829	1.0	1
1205264874860896256	1.0	2
1202304322714902529	1.0	1
1203994579160027136	1.0	2
1201074411782234112	0.0	1
1201049201599275008	1.0	1
1205011608570695681	1.0	2
1203808206356652033	1.0	2
1203355573246480387	0.0	1
1202256710125129729	1.0	1
1205519339882860549	1.0	1
1204774865577771009	1.0	1
1202719522832162816	1.0	2
1201032154374791168	1.0	1
1200988768351801344	1.0	1
1204208493223448582	1.0	1
1202759340169580544	1.0	1
1201003574169354242	1.0	1
1204022506572656646	1.0	2
1201709844484411392	1.0	1
1204999289409196033	1.0	1
1204404804191215618	1.0	3
1202983539794276354	-1.0	2
1203751009690038274	1.0	1
1202129842545795072	1.0	5
1205453283222941697	1.0	1
1203684634938224640	1.0	3
1204013109972783109	1.0	1
1203024235691724800	1.0	1
1205128720551489536	0.0	2
1202663867228315654	1.0	4
1201045173666566144	1.0	3
1200965296468529153	0.0	1
1205492054559797248	1.0	4
1204564399320518656	1.0	2
1203435817538076672	1.0	1
1205032907720581120	1.0	2
1205633365807755264	1.0	1
1201054967974580225	1.0	2
1204760393459126272	1.0	2
1205064560157351936	1.0	4
1202614611423293441	-1.0	2
1204126262379319297	1.0	1
1202474711466295297	-1.0	1
1201069442693619713	1.0	4
1203139005325426688	1.0	1
1205472747964506113	1.0	5
1200955735527624704	1.0	2
1200954186835382273	1.0	4
1200989303859376131	1.0	4
1200954202605916161	1.0	2
1202865250313240576	1.0	2
1203360673872404482	1.0	1
1205483994508222464	0.0	1
1204134061750525952	0.0	2
1202155333554229248	1.0	1
1204402162593419269	0.0	1
1202156859043569665	1.0	1
1203900598954995714	0.0	1
1201345185994510336	1.0	1
1204504168058236933	1.0	2
1204601693167439872	1.0	2
1204142607661699072	1.0	3
1201525043274092545	1.0	1
1204399653699162113	-1.0	1
1204761222853382145	1.0	1
1205054267532435456	1.0	2
1200943306600927232	-1.0	2
1203649983586672640	1.0	1
1205349520537792512	1.0	2
1204944979166031872	0.0	1
1205115436775432193	0.0	1
1201088320048160768	0.0	1
1201076140863033344	1.0	4
1203104844871061504	1.0	1
1204497261390000128	1.0	3
1202877235704799232	0.0	1
1202969454054985729	1.0	4
1205292574589751296	1.0	2
1201019405594955777	1.0	1
1205002700405895168	1.0	2
1205161666415144961	1.0	2
1205159835194576896	0.0	1
1202989629663830017	-1.0	2
1201072781301039104	1.0	1
1201043832080486401	1.0	1
1201020294258802689	1.0	4
1205397361201156097	1.0	2
1204160637376638976	1.0	5
1205266213737259009	1.0	3
1205200673756704768	1.0	1
1203299886935900162	1.0	3
1203424518066323459	1.0	1
1204656825548902400	1.0	2
1205183916354809857	1.0	1
1205053087989276673	1.0	2
1203263964911669248	1.0	3
1200950426067066880	1.0	5
1205037263647850497	1.0	2
1204902431043264512	1.0	1
1205585208516329473	1.0	1
1204553269030338560	1.0	4
1200951343034310656	1.0	1
1201012002560389121	1.0	1
1204298199487242240	1.0	1
1202766967867936768	-1.0	2
1205524261865230336	-1.0	1
1205187126154997760	1.0	2
1203526970874716161	1.0	1
1203147957064761344	1.0	1
1201078239189450753	0.0	4
1204897225924431872	1.0	3
1203328313286115328	1.0	1
1205341595693916161	0.0	1
1203757679845543937	1.0	2
1201040767839592448	1.0	5
1203087306527330308	0.0	1
1202558592957763584	0.0	1
1202091498348695552	-1.0	2
1202602484474294273	-1.0	2
1201076297839128577	1.0	2
1205556886998863873	1.0	1
1200928798750863360	1.0	2
1202996839102001155	1.0	1
1203111882590244864	0.0	1
1202609291384872961	1.0	2
1205184806105079808	1.0	2
1203083530672230402	-1.0	3
1200929290684174336	0.0	2
1204343248073842688	1.0	2
1202952060645326848	1.0	1
1204649457209397248	1.0	1
1201074708302700544	0.0	1
1202604948359385088	1.0	1
1204719486085021698	1.0	4
1204931823043784705	1.0	1
1200982542297567232	0.0	2
1204747274259091456	0.0	1
1204600586580004867	1.0	2
1202016925796061184	1.0	1
1205483277605228544	0.0	1
1205501110691258370	1.0	1
1201049215918641152	1.0	1
1205490120524226560	1.0	3
1201837997374599170	-1.0	1
1204569433966096384	1.0	2
1203573987546025984	-1.0	1
1201060884875038720	1.0	1
1204841547860078593	1.0	3
1204306001291296768	1.0	1
1201033989957439488	1.0	5
1204555583673774085	0.0	1
1205383163066732546	0.0	5
1201034835923329025	0.0	1
1201041080281513984	-1.0	3
1203505707225669634	1.0	2
1205025500730667008	1.0	5
1203750908426932224	-1.0	2
1200988620762615809	1.0	2
1201837256681644033	1.0	1
1203538213421191169	1.0	2
1202964634086576133	1.0	1
1202928195919589377	-1.0	1
1204249020534648832	1.0	1
1204907909936627713	1.0	2
1204900174541271046	1.0	1
1201037172398313472	1.0	4
1205563012641361920	1.0	1
1204743944812290050	1.0	3
1200995096885387267	1.0	2
1204954757950918656	1.0	1
1204192321115430912	1.0	3
1203140988702773248	-1.0	1
1204532513441402881	1.0	2
1205487537315368961	1.0	1
1205548399291965442	1.0	1
1204254748934918145	0.0	1
1204492328041402368	0.0	1
1203828422734221313	-1.0	1
1203536535489921024	1.0	3
1200972800619622400	1.0	1
1201629053570162688	1.0	2
1201080342032969728	1.0	1
1202927527175577601	1.0	1
1202815244151726085	1.0	1
1204870946600955906	1.0	1
1200973711030902785	1.0	3
1204028672992264199	1.0	1
1202576095486337024	1.0	1
1202573602601746432	1.0	2
1204249331546689537	0.0	1
1204483652924645376	1.0	2
1204704362968309760	1.0	1
1204723536058712066	1.0	1
1204506399121661952	1.0	1
1202869150047260673	1.0	2
1204788689358016514	1.0	2
1203374258921054209	1.0	3
1205507117882519552	1.0	3
1205007569443598337	1.0	2
1202846151063621632	1.0	1
1204093683202744320	0.0	1
1201002963713454080	1.0	1
1203199883127115778	0.0	2
1204770750642573313	1.0	1
1204693711768043520	1.0	5
1202186166604308480	1.0	2
1202204503526793216	1.0	1
1203270010992578561	1.0	2
1204869225455767553	1.0	1
1202683352752558087	-1.0	1
1204767113472356357	1.0	1
1202721170086252544	1.0	1
1203768226796191744	1.0	1
1204049040523972608	1.0	1
1203352817618030598	1.0	2
1204152036373209090	1.0	2
1200928502725464068	0.0	1
1204864365113073665	1.0	1
1205241654078328842	-1.0	2
1203619995336396800	1.0	3
1202959868870713345	1.0	1
1205194898170957824	1.0	1
1204802486525030400	1.0	1
1203433965396189185	1.0	5
1205438186786361344	1.0	1
1205078182170447874	1.0	1
1204306618650972160	1.0	1
1200929232274149378	0.0	1
1204396441025814532	-1.0	1
1205235188764037120	1.0	2
1202029698684993536	0.0	2
1204035073923788800	0.0	5
1205156261530161152	1.0	1
1204169015507091456	1.0	1
1200957285624881153	1.0	2
1205595649611325442	-1.0	2
1202223287100686336	1.0	1
1203360191955247105	1.0	3
1204204607880212481	1.0	4
1203305692553252869	1.0	3
1204292981878140928	1.0	1
1202989132110278657	1.0	1
1200930313527943169	-1.0	5
1201961932368072704	1.0	2
1205464121367519233	1.0	1
1203712338991484929	1.0	2
1202915591843176448	1.0	1
1201044510182002688	1.0	1
1203764304282939392	0.0	1
1204404555301019648	1.0	2
1204544863745785858	1.0	2
1202921182342864898	1.0	4
1204854779064635396	1.0	2
1205270021016031234	1.0	1
1201539657848238082	0.0	1
1202960672352591873	1.0	1
1205219318964916225	1.0	4
1204714133356236802	-1.0	1
1200933011719671808	1.0	1
1205136055663505408	1.0	1
1202740544457232384	1.0	5
1204566169388077057	1.0	1
1204844597224062976	1.0	2
1204732838697938945	1.0	4
1202351320570585088	-1.0	1
1204772649206988801	1.0	2
1204775275642413056	0.0	1
1204401503005491201	1.0	2
1201039379533324288	1.0	1
1203371909548773376	1.0	1
1205085061910941696	-1.0	1
1204557407663378432	1.0	1
1205253387824091136	1.0	2
1200979382468272130	0.0	1
1201003777102434304	1.0	1
1204142688670498816	1.0	1
1201079709834108929	1.0	1
1205084131954176000	1.0	1
1203567500543188992	1.0	1
1204339439373127687	1.0	1
1202767062445281281	-1.0	3
1204831059675930624	1.0	2
1201054628361703424	1.0	1
1201969396912152584	0.0	1
1205518411054354434	1.0	1
1205081222474543106	1.0	1
1204405829446905857	1.0	2
1204456009349120003	1.0	1
1204961601218109440	0.0	1
1204587971845996544	-1.0	3
1204160720776187907	0.0	1
1203076648976834560	1.0	1
1205235226978455554	1.0	1
1202741958575300608	1.0	2
1205348274636541952	1.0	2
1203289430209056768	1.0	1
1201040617280876545	1.0	1
1204351533762125825	1.0	2
1201063436240740352	1.0	1
1201073468818759680	1.0	1
1204620119953018880	1.0	1
1204887639104602113	1.0	1
1204402975541579776	1.0	2
1200970347224293376	1.0	1
1205303253849661441	1.0	2
1201954228522106882	1.0	1
1204101369357058050	0.0	2
1203781697835327488	1.0	1
1201447364952764421	1.0	1
1203611215592771585	1.0	2
1205378694711332864	1.0	1
1200979640275234817	1.0	1
1200982642541420544	1.0	2
1202724555443392512	1.0	2
1201418143681392640	1.0	1
1204999838208688128	1.0	2
1203036955933650944	1.0	1
1204176845240963072	1.0	1
1204895795670945792	-1.0	1
1202382090832089089	0.0	2
1205557019492511744	1.0	1
1202862249175474176	-1.0	1
1201029756491378689	1.0	2
1201503942615564289	1.0	1
1204846698863960065	-1.0	1
1204400129442242562	1.0	2
1200978879629819904	1.0	2
1204815359540432897	0.0	1
1204078007805194248	1.0	1
1204003730330394624	0.0	2
1205440719848165376	1.0	1
1204122300238438402	1.0	3
1205304884054122501	-1.0	1
1201009421507129345	1.0	4
1205059370062532609	-1.0	2
1200987447556882432	-1.0	2
1203890066076110849	1.0	1
1201452879615287302	1.0	2
1205315186925559811	-1.0	2
1204377725806370817	1.0	2
1202711754691641344	1.0	2
1204416050336419842	0.0	1
1203010634352353280	1.0	1
1204087586127372289	1.0	1
1205597046239113222	1.0	1
1201002123254566912	1.0	5
1205151572889653250	1.0	3
1204753394847629312	-1.0	1
1202494644606656512	1.0	3
1203498357181673472	-1.0	1
1203861396380954624	-1.0	3
1203145073430413314	1.0	5
1201033211113066496	1.0	2
1204420225598468101	1.0	2
1200955523996061696	-1.0	2
1201774817831268352	-1.0	1
1203887092968968192	1.0	3
1201582204360499200	0.0	1
1200953039063928832	0.0	1
1202807234713051137	1.0	1
1201014549555666944	1.0	4
1203366253013979136	1.0	2
1205554041935343618	1.0	2
1201636395023912960	1.0	5
1201032576208637952	0.0	2
1204291954688659456	-1.0	1
1200964727137923073	1.0	1
1204915648222003200	1.0	4
1203106690083672065	1.0	1
1205054354664968192	1.0	1
1203314559521419264	1.0	1
1201078484300267521	1.0	1
1204305484716466176	1.0	1
1204677252132278272	1.0	1
1204341426995318785	1.0	1
1205202425809952768	1.0	1
1201081615822155777	1.0	1
1202990787467894785	1.0	1
1204902148544315394	1.0	1
1200943145589956608	-1.0	1
1203211344503361536	1.0	3
1203878822136954880	1.0	3
1201069467473776640	1.0	1
1204608837501603840	1.0	1
1205020885410885633	1.0	2
1203927468232577029	1.0	3
1204466092409839616	1.0	1
1202983505191419907	1.0	1
1201074715068157952	1.0	4
1205440579037016065	1.0	4
1203054909240881156	1.0	1
1204474000757403648	1.0	1
1201092397070987265	1.0	1
1203968134291566593	1.0	1
1203714606088249344	1.0	2
1204045221975248896	1.0	2
1201070789640032257	1.0	1
1201065486148087808	1.0	2
1200998980508770305	0.0	2
1204493292592717824	1.0	1
1203270715048366081	1.0	1
1202376094843916288	-1.0	1
1200997203139010560	1.0	5
1204009156799320076	-1.0	1
1204489603811442688	0.0	1
1201068172964696070	1.0	2
1201067946308710400	1.0	1
1205239608302288896	1.0	2
1205513562237612033	1.0	2
1203523978238652416	-1.0	1
1201815173255680002	1.0	2
1202731755997990914	1.0	2
1204906798291050496	1.0	1
1204280097546502144	1.0	2
1204299742949367809	1.0	3
1204930381532807169	1.0	2
1202676088297705473	0.0	1
1204757769271820289	1.0	2
1201936494795079682	1.0	1
1200974049263927296	1.0	3
1203750299120201728	1.0	2
1204647597790515200	1.0	1
1202679054853459976	1.0	2
1204465004549943297	1.0	2
1200993427082448896	1.0	4
1204725709203066880	1.0	2
1205335770694897664	0.0	2
1202967197590667265	1.0	2
1204116804093665281	-1.0	1
1204232545841213440	1.0	1
1204798748083261442	0.0	2
1202916210892890113	1.0	1
1205176417576574978	-1.0	2
1204151921524609024	1.0	1
1205210487333371904	1.0	1
1204841551932936195	1.0	2
1205600346946646016	1.0	1
1204472013856890880	1.0	1
1205368154928619522	1.0	2
1201955733853659136	1.0	1
1200928101238222848	1.0	1
1205288250635628545	1.0	2
1201046618876923904	1.0	1
1203611849616347136	1.0	5
1201417959861891073	1.0	2
1202232064092672000	1.0	1
1204837880247402496	-1.0	5
1203004202349473792	1.0	2
1201435119376052225	1.0	1
1203115052523372544	1.0	2
1204890911890714625	1.0	2
1203028516843016202	1.0	1
1204910222030061569	-1.0	1
1201049208305963013	1.0	1
1203053559136190464	0.0	2
1200988908298752001	1.0	3
1205482257324134400	1.0	1
1204946187171684353	1.0	1
1200941255896768512	1.0	5
1204758935665827840	1.0	1
1204540805920305152	1.0	4
1204297994050441216	1.0	1
1202878379441172480	0.0	1
1201942708568428544	1.0	1
1203807969361575936	1.0	5
1204813090497400838	1.0	1
1204710094966947840	1.0	1
1200951187132030976	1.0	1
1205170963362373632	1.0	2
1204867981232050177	1.0	2
1203142712804835329	1.0	2
1204806786286596096	1.0	2
1201604003743850496	0.0	1
1203014837883867141	1.0	2
1201589506476036098	1.0	1
1204799017944834048	1.0	2
1201908690279948288	1.0	1
1204872410144444416	0.0	2
1203279718235160576	1.0	1
1205155299289632770	-1.0	1
1204731329830703105	1.0	2
1203953219912658944	1.0	2
1200929661359919104	1.0	1
1202217445492219904	1.0	1
1205564244332138498	1.0	2
1204172524977704960	1.0	1
1204904893833609216	1.0	2
1201024740837576704	1.0	4
1202236201358495750	-1.0	1
1204321421159280641	1.0	1
1201071024248442882	1.0	1
1201504673540321282	1.0	2
1205612641034498048	1.0	3
1203573423789637633	0.0	5
1204771740443926528	1.0	1
1204945660027387905	-1.0	2
1204796127545040897	1.0	1
1204603839661379585	1.0	2
1205541957495218176	1.0	1
1203243302067113984	1.0	2
1205451149203124225	1.0	1
1203030443047583744	1.0	1
1203981095693430784	-1.0	2
1200996511229693952	-1.0	2
1201079869448368128	1.0	1
1205606290476675072	1.0	2
1201891973487091714	1.0	1
1201066415895273473	1.0	1
1201035814886612994	1.0	1
1204820355879075840	1.0	2
1204846338619240448	0.0	1
1201924195627741186	1.0	1
1205141689603637248	1.0	1
1205548548017840129	1.0	1
1201089431148679168	0.0	5
1204806257825046528	1.0	1
1202986926569140226	1.0	2
1205086507180138497	1.0	1
1203879385171816449	1.0	2
1203413685760413697	1.0	2
1205066681304911872	1.0	2
1205143592974589953	1.0	3
1204558065556574209	1.0	5
1203474183289622529	1.0	1
1205512845301047297	1.0	1
1202941100241162242	1.0	1
1203007208314699776	1.0	1
1205047193163517952	1.0	2
1205344229767176193	1.0	3
1204484830689447936	1.0	3
1205041004706979841	0.0	1
1201061777267519489	1.0	5
1201037497842581504	1.0	1
1200954058250620930	1.0	1
1203936040890880005	1.0	1
1205178825971306499	1.0	1
1204777211837976576	1.0	1
1204801612801286149	1.0	1
1204460147222953984	1.0	1
1203351638498586625	1.0	5
1203700719968231424	1.0	1
1202819768639582208	1.0	1
1202592248799596544	1.0	1
1200974803756294144	1.0	1
1201880869578911745	-1.0	1
1201531693754208256	1.0	1
1202664959865446400	1.0	2
1201004238815551488	1.0	2
1200957949209919494	1.0	1
1205050793700802560	1.0	2
1205211978811113472	1.0	1
1204862554742366208	1.0	5
1204097966937661442	1.0	1
1202669875124064257	1.0	1
1201019087561928704	1.0	2
1203337129742483456	1.0	1
1203692736953626627	1.0	1
1200944843943378945	1.0	1
1202888279147892736	1.0	1
1202996156487344130	-1.0	2
1202299232062988289	1.0	2
1203350954508054528	1.0	1
1202984890125443072	1.0	1
1205545133955047424	1.0	1
1205284019946045442	1.0	2
1202516545923997696	-1.0	1
1204293906357051393	1.0	2
1205454503891361792	1.0	1
1201049130405154818	1.0	1
1204136693265076225	0.0	2
1202362771813199872	1.0	1
1205576144126300160	0.0	2
1203060765227409416	1.0	1
1200930330422718469	1.0	1
1201064984630853633	1.0	2
1205500232441708545	1.0	1
1202233556925329408	1.0	1
1201049195324542976	1.0	1
1201066089528078337	1.0	1
1200950643004977152	1.0	5
1201040813431705601	1.0	1
1204507952792690691	1.0	2
1201836878787313665	1.0	1
1205544336177483776	0.0	1
1202062147016167425	0.0	1
1204734309963358208	1.0	1
1200939953649156096	1.0	1
1201502507823964160	1.0	1
1201069976314155008	1.0	4
1203592842486145024	-1.0	1
1204728024786227200	1.0	2
1205387957588439040	1.0	2
1205588368962117632	-1.0	1
1200969776803274752	0.0	1
1205010328989421568	1.0	2
1202544935183929344	0.0	1
1203983438119718912	1.0	1
1205551446588108800	1.0	3
1204876210670489600	-1.0	1
1204211879117312002	0.0	1
1200951934439448576	1.0	1
1203882480513667074	-1.0	4
1201577760868782081	1.0	2
1204853842422173696	1.0	4
1203746200060649472	1.0	1
1205547866883837956	1.0	1
1205620413578924032	0.0	1
1203094124422991872	1.0	1
1205246180155899910	1.0	1
1202955870818230273	1.0	1
1204603712548720640	1.0	1
1201023227864264704	1.0	1
1201076465481203712	1.0	1
1204355349723189248	1.0	2
1204765014936244224	1.0	1
1203277570642497537	1.0	1
1200978542428901377	-1.0	1
1203518825855168513	1.0	1
1205117001674493958	1.0	2
1203470177502806019	1.0	1
1204768949319225345	-1.0	2
1201530248187105280	1.0	1
1203233011812093953	1.0	1
1201956291247259650	0.0	1
1204778413074071552	1.0	4
1201715605872824320	0.0	2
1204853964086403072	1.0	1
1204140839393361920	1.0	1
1201416829383647232	1.0	2
1205136581838942211	1.0	1
1205299882296250370	1.0	2
1205451261056696321	1.0	1
1203970308073328645	1.0	2
1203280704576139264	0.0	2
1204353673167613952	1.0	2
1205147535804895232	1.0	5
1205146760181473280	1.0	1
1203168144266690561	1.0	2
1205539139183161344	1.0	1
1205580709940912130	1.0	1
1204757859625508865	1.0	1
1204254655808589824	1.0	4
1205230877409714176	1.0	1
1205281960291115013	1.0	3
1201020731384987654	1.0	2
1202586949409759232	1.0	3
1204448023494967296	0.0	1
1200979604665774081	1.0	2
1202066744312905728	0.0	1
1203468795391684608	1.0	3
1203931647403540486	0.0	2
1201064714064859138	1.0	3
1200944824980926466	1.0	5
1201082416833560576	1.0	5
1201037455874379776	1.0	1
1200932523947245568	1.0	2
1205175466421866496	1.0	1
1205226357313155085	1.0	1
1203997736158351360	1.0	1
1205437594462556161	1.0	4
1200951051731386369	-1.0	1
1204655996057972740	1.0	1
1204666470854119424	1.0	1
1203454926153584645	1.0	4
1202733091057545216	1.0	1
1203276725989388288	1.0	1
1202239940165324801	1.0	1
1201692930781499394	1.0	1
1203331968311664641	-1.0	2
1202941873481895937	1.0	1
1201452083754545152	1.0	4
1201078582115815424	1.0	1
1203354153843478533	1.0	1
1201703129709830144	1.0	1
1201075649898782720	1.0	1
1204077353518981120	1.0	2
1204847601071394821	1.0	2
1204478629327069185	1.0	2
1201797226839887872	1.0	2
1204466204330483712	1.0	1
1201609483283304448	1.0	1
1201076628891275264	1.0	1
1203222336729690112	-1.0	1
1200957537908133888	1.0	1
1201016490100609024	-1.0	1
1201073005876666368	1.0	1
1203145560171122688	1.0	2
1200977281184747520	1.0	1
1203871664993267714	1.0	1
1204535993224908801	1.0	2
1204786457514262530	1.0	2
1205456566830407680	1.0	1
1204486716653854720	1.0	1
1203743876588158978	1.0	1
1205516780871004160	1.0	1
1204359559739068418	-1.0	1
1204724592553713664	0.0	2
1202665124881784833	-1.0	1
1204757913807605761	1.0	2
1203733778964865024	-1.0	1
1203743933932679168	0.0	1
1202339843092746242	1.0	2
1200954417811533825	1.0	1
1205211844157362176	1.0	2
1205206175475752962	1.0	1
1204303363472424965	1.0	5
1204920435151794176	1.0	5
1204792877005627392	0.0	1
1204087003119116289	1.0	1
1201484521524408328	1.0	2
1202650195164614658	1.0	1
1205602113017040896	1.0	1
1201863662098501632	1.0	3
1205175032827109376	1.0	2
1202350290449637376	1.0	2
1203893024175976448	-1.0	1
1201893257904566273	-1.0	1
1202716631559860224	1.0	1
1204590172123197440	0.0	2
1205570655246270481	1.0	4
1202789351303843840	1.0	1
1201001748808290304	1.0	1
1204745101693587456	1.0	1
1200939073734619136	1.0	1
1201061272562937856	1.0	1
1205236925063409668	-1.0	1
1205145407187279873	1.0	1
1205399793968799744	1.0	2
1202916874402566144	1.0	2
1204117170579476480	1.0	1
1203635697225064448	-1.0	1
1203266794015711232	1.0	1
1205126260088659968	-1.0	1
1203028400325029888	1.0	1
1202736953327849473	1.0	1
1204891494798114816	1.0	1
1201069879887122432	1.0	1
1202876753464741898	0.0	1
1205137407512846337	1.0	2
1205512932940861440	-1.0	1
1201259534204964864	-1.0	3
1205322284065538048	1.0	5
1203033857496428544	1.0	3
1205189580321968129	1.0	1
1202321934714916864	1.0	1
1201729420521656320	-1.0	1
1205224956386263040	1.0	2
1204777760591360001	1.0	3
1201644928260083712	0.0	1
1204213402542862336	0.0	1
1201227630265208834	1.0	2
1205195366196490242	1.0	2
1201061048096296961	1.0	2
1204021290295844865	-1.0	5
1205127243699146754	1.0	3
1203247511659376645	1.0	2
1202938623496261633	1.0	1
1200940186017959936	1.0	5
1201033591024734208	1.0	1
1204621668250877953	0.0	2
1204655853506367488	1.0	1
1203961441906315264	1.0	2
1201049203893526529	1.0	2
1201019512772009984	1.0	1
1204584091477315585	0.0	1
1203041485593174017	1.0	1
1202978764562599942	0.0	1
1202706441938841601	1.0	1
1201067636928524288	-1.0	1
1203834699279294464	1.0	1
1205549106824974338	1.0	1
1202706553200996352	0.0	1
1201020657888157697	0.0	1
1204751348161339394	1.0	2
1204369454706106368	1.0	1
1203467844488445954	1.0	1
1205077550285905921	-1.0	1
1200996955909849090	1.0	2
1205385328976158720	1.0	1
1204856967593742336	1.0	1
1205589679115886592	-1.0	2
1205231691444473857	1.0	1
1205445652949295107	1.0	1
1203106373246083073	1.0	3
1203157037145894913	-1.0	2
1204753022636527624	1.0	1
1205225614082359296	1.0	1
1204413372638187521	1.0	2
1201070965716852737	1.0	3
1205273523293446146	1.0	1
1200983569960591360	1.0	1
1203403814130216960	1.0	1
1202915307477774336	1.0	1
1205055163809107969	1.0	2
1205484884158009346	-1.0	1
1204431574248435713	1.0	1
1204930046101725185	1.0	2
1204143240401817600	1.0	1
1204287285786624000	-1.0	1
1200937259261775872	1.0	1
1202638517509279745	1.0	2
1205055181085454336	1.0	1
1200943459588362240	1.0	1
1201829011028004865	1.0	1
1204221687916417026	1.0	2
1203017482400698373	0.0	2
1204923885013090305	-1.0	2
1203651755306819585	1.0	1
1200937096531398656	1.0	3
1205239687603867649	1.0	2
1205194016754716672	-1.0	1
1204480788131205120	1.0	1
1204148800010383360	1.0	4
1201545131477868552	1.0	1
1205171908196458496	1.0	1
1203491503265460225	1.0	3
1204932431637295104	0.0	1
1202337114853126144	1.0	1
1203336385471664129	1.0	1
1204492219635453953	1.0	2
1205230333496422400	-1.0	2
1204988930572963841	1.0	1
1205112175334805504	0.0	1
1203696772192882689	1.0	1
1204143681470705666	1.0	4
1203578277874544641	1.0	4
1204103999818993667	1.0	2
1204604173431590913	0.0	2
1203726113140301825	1.0	1
1202373008268115968	-1.0	1
1204123549428047880	1.0	1
1202311351726723074	1.0	2
1200942819872923648	1.0	1
1202353491244732416	1.0	1
1204146904512241664	1.0	1
1205209484802572289	1.0	1
1201009299645841408	1.0	1
1205262525660565505	1.0	1
1203469882689351680	1.0	1
1201004936290537473	0.0	1
1204907114646425600	1.0	1
1204369053676179457	1.0	1
1203927444031361025	1.0	1
1201430417020198912	1.0	2
1203107831781711877	1.0	5
1201728265800433664	1.0	5
1202015339908870145	1.0	2
1205596274226950144	1.0	1
1203863812853698561	0.0	1
1204565330963484672	1.0	3
1201433078125809664	1.0	1
1202611377636040706	1.0	2
1202918434993926144	1.0	5
1205410134119219200	0.0	1
1205056578497449989	1.0	1
1204162750697672705	1.0	1
1203381847985676289	1.0	1
1205241552081174529	0.0	1
1204385738785206272	1.0	2
1202246107616567302	1.0	3
1203819085357731841	1.0	1
1204549133014634497	1.0	2
1201049892220743682	1.0	1
1204714926968840192	1.0	1
1205293956126453760	1.0	2
1203774320847114240	1.0	3
1201722763867590657	1.0	1
1204835753672560640	1.0	1
1203908028795211777	1.0	1
1205246112279470080	1.0	2
1201071630597808128	1.0	1
1202992209991217154	1.0	1
1205477378136236032	-1.0	1
1204460254160801792	1.0	1
1203346817833930757	1.0	1
1203053646113460224	1.0	1
1205292482650615808	0.0	1
1205507802262884358	1.0	1
1205420877174759424	1.0	1
1204399080677486592	1.0	2
1203691536535429123	1.0	1
1203779490750640128	1.0	4
1205340621331980288	-1.0	1
1201011054391762945	-1.0	1
1205239799348486144	1.0	1
1200948890729668608	1.0	1
1201078466428461056	1.0	2
1204808696397733888	1.0	1
1203646492478717953	-1.0	1
1204849138409648129	1.0	1
1205442338912382976	-1.0	1
1203797080160055297	1.0	5
1201308523004661761	1.0	1
1204909188809400321	1.0	2
1202912566843887616	1.0	2
1205517028582400000	1.0	1
1204969923526713344	1.0	1
1205098192066486272	1.0	2
1203359221959528458	1.0	1
1204461014693089281	1.0	1
1203346634496729090	1.0	1
1205236632552722432	-1.0	1
1203901424637079554	1.0	1
1204723917643862018	1.0	4
1200961229780668416	1.0	1
1201831708691222528	1.0	4
1201467324311707648	0.0	2
1201060129430523909	0.0	1
1204143186689445889	1.0	2
1202334281332342785	0.0	2
1201806572210536449	1.0	2
1203533357084299264	1.0	1
1203287748205072384	1.0	1
1201050787155238912	1.0	2
1205282823571152896	1.0	1
1200978024302358528	1.0	1
1202948557906612224	1.0	1
1200970153904750592	1.0	2
1205359117948223488	1.0	2
1205246849034194944	1.0	1
1200946345864908800	1.0	3
1204411743272878080	1.0	4
1204403583724244992	1.0	5
1201074500751822848	1.0	2
1200957965131538438	1.0	1
1203858776966610945	1.0	1
1200961213846323200	1.0	1
1203221640743661569	1.0	2
1204828989690437632	1.0	4
1201032933890506754	1.0	1
1204205587942297600	1.0	1
1205093398979342337	0.0	2
1204346746861694976	1.0	1
1203549817940717574	-1.0	1
1204434626204307456	1.0	3
1204110175038107652	-1.0	2
1201139044404645893	1.0	1
1200982530125680642	1.0	1
1200967323835867136	1.0	1
1203011595661651969	0.0	1
1205003373377806336	1.0	2
1202720597693718533	0.0	2
1204514697950556161	1.0	2
1202744615662575617	1.0	5
1202588604121460736	0.0	1
1202950406139187201	1.0	1
1205457717525176326	1.0	1
1203876974424313858	1.0	2
1201020114474340353	1.0	3
1201062635908861954	1.0	1
1204986709986856960	1.0	1
1205044632272412677	1.0	2
1202676042206531585	1.0	2
1204575114525732866	1.0	1
1204981531791380480	1.0	2
1205419130997764097	-1.0	1
1204871705879097345	-1.0	1
1204783137701675008	1.0	1
1205086045899042817	0.0	2
1200932230324867072	1.0	1
1205131048104923136	1.0	2
1202166018161958912	1.0	1
1203499709345615872	0.0	1
1200998641747423234	1.0	5
1200953831376338944	1.0	1
1204853843596599302	1.0	1
1201051284297699328	1.0	4
1204790150456381441	1.0	1
1204869115598393344	0.0	2
1204567727991611393	1.0	1
1204801816187277313	1.0	1
1205532835521552385	1.0	1
1205368682895020032	-1.0	1
1202934364536893441	1.0	2
1200941158228275200	1.0	1
1202880000850120704	1.0	1
1201242922202480640	1.0	1
1201851859654389761	1.0	1
1205260390172647425	-1.0	2
1204700363988897793	-1.0	1
1203928149991383041	1.0	1
1204336116536619010	1.0	2
1204772871198957573	1.0	2
1202911366157406208	1.0	2
1203758570384297984	1.0	1
1201123996093341697	0.0	1
1203076782582378498	1.0	2
1201065928991150082	1.0	2
1204530920063037440	1.0	5
1204457388658581504	1.0	2
1204440852346626052	1.0	1
1204348287161176065	1.0	1
1204683518543974400	1.0	2
1205558771277279232	1.0	1
1202932213861486592	1.0	1
1202353632210931712	1.0	1
1203997527277756416	1.0	1
1205558178391449600	1.0	2
1203104461041754112	-1.0	1
1203539244859346945	1.0	4
1204279930017767424	1.0	1
1204871463527964672	1.0	1
1201076206289866752	1.0	5
1201067136355065856	1.0	1
1204158757753806854	1.0	1
1201035497830666240	1.0	1
1200940899049455616	1.0	1
1200986644406554624	1.0	4
1204771515335618560	1.0	1
1200980018089910272	1.0	1
1203539949011685380	1.0	1
1201066674620944384	1.0	3
1200984410742497280	1.0	1
1202420751439192064	1.0	3
1205589092219510784	1.0	5
1203288016120360960	1.0	2
1205057656894808064	1.0	5
1200960319394217984	1.0	1
1204505014707740672	1.0	1
1204471965706326017	0.0	1
1204578466915438592	1.0	1
1201110345655422978	1.0	1
1200983692492980224	1.0	4
1203203611666178048	1.0	2
1201074726157897728	1.0	1
1205023600266235904	1.0	1
1201791998598025216	1.0	1
1205121113866612736	1.0	1
1205200898240192512	1.0	1
1204813274077913088	1.0	2
1200976801398427648	1.0	1
1200995221611433984	1.0	1
1204024557423808514	0.0	2
1203060311684763648	1.0	1
1202910987453644800	1.0	2
1202618143383769088	1.0	1
1205108466874044418	1.0	1
1202645653010178048	1.0	2
1204723250460274688	1.0	2
1205139418757189633	1.0	5
1204858113683148800	0.0	5
1204631191640403968	1.0	1
1204095415345221632	1.0	2
1202770755173462016	1.0	2
1201077911853436928	1.0	1
1201114664660287494	-1.0	1
1203334422558203904	-1.0	2
1204808033290870784	1.0	2
1202993671911686144	1.0	1
1201072292786327553	0.0	2
1203420931403726850	1.0	1
1204120392752873472	1.0	1
1202057198198640645	1.0	1
1202866475339583490	1.0	1
1202767774856073218	1.0	2
1204868325408305152	1.0	2
1201069486318792706	0.0	2
1200981374036926464	-1.0	1
1201000194306924544	1.0	2
1203869638418808832	0.0	2
1201029447299694592	1.0	2
1203693509284368384	1.0	1
1202644560444346371	1.0	3
1203384204030988288	1.0	3
1204366025208168454	1.0	5
1205426717826797568	1.0	2
1204468736176066560	1.0	1
1205349077237583872	0.0	2
1204452575988326400	1.0	1
1202854888369217538	1.0	2
1202344080749019137	1.0	2
1205164798570192896	1.0	2
1201045920965484545	1.0	2
1200934160371576832	1.0	1
1204569989900095488	1.0	2
1204818999051055104	0.0	1
1201542099314847744	1.0	1
1202819671012990977	1.0	1
1205046894449135616	1.0	1
1205222857866907650	0.0	2
1205319864333660160	1.0	1
1203869491383287808	1.0	1
1204827815465693184	1.0	1
1201025981026193408	1.0	1
1202544600688340995	1.0	1
1201076045799198720	1.0	1
1202130838676279298	1.0	2
1205139325043847168	1.0	2
1201047087917535232	1.0	2
1203614935667752960	1.0	1
1204837773779165184	1.0	4
1202808922781798403	1.0	2
1203502458690891777	0.0	1
1205049653835681792	1.0	1
1205164163309481984	1.0	2
1202428235063144449	1.0	1
1203364810018045952	1.0	1
1201045779319836672	1.0	4
1205225259806478336	1.0	4
1204472802625101824	1.0	4
1203981488770945025	1.0	1
1204057214928818176	-1.0	2
1205605360784039941	-1.0	1
1204703560849666049	1.0	2
1202725316931805184	1.0	2
1203462377557102597	1.0	2
1201457842407870464	1.0	2
1205401586182361089	1.0	1
1201057236149317632	1.0	1
1203986113007902720	1.0	1
1202372315914260481	1.0	3
1203373612054597633	1.0	2
1200998592145772545	1.0	2
1202680859003777024	1.0	2
1200967464508678144	1.0	2
1200936223377891329	1.0	1
1205238489681473536	0.0	4
1204482017808855040	1.0	3
1203755151523274754	1.0	1
1205269015808995328	1.0	1
1201035485310849024	0.0	1
1201069297906249729	1.0	1
1200984785826566150	1.0	3
1201075438862372864	1.0	2
1204498849865318401	1.0	1
1203851743970283521	0.0	2
1204173745390153728	1.0	1
1204995158716141568	1.0	1
1204459543557750784	-1.0	1
1204893005498527745	0.0	2
1201923540787847168	0.0	2
1203724123148636161	1.0	3
1204773820663574529	-1.0	2
1201029649486295040	1.0	1
1205167966058401795	0.0	1
1203260592586248192	1.0	1
1204420770547585026	1.0	1
1202535824052629511	1.0	1
1201693188437659649	1.0	1
1201377972302811136	1.0	5
1201287300996464640	-1.0	1
1203162960211791874	1.0	1
1204545212724514816	1.0	3
1203816399623327745	1.0	2
1203260450223378433	1.0	1
1204413306514984960	1.0	1
1204813719173242885	-1.0	1
1203286955280207872	1.0	2
1203656742149722112	1.0	1
1202972161629130752	1.0	1
1205320202755309568	1.0	2
1200960616980025344	0.0	1
1201874967400501248	1.0	1
1205049778440220672	0.0	1
1205079651825016832	0.0	2
1204106995147640832	1.0	1
1204136132864356352	1.0	4
1202999427746717696	1.0	2
1205123673587404800	-1.0	1
1202891948085800961	1.0	1
1203029111645581314	-1.0	1
1203066637450121216	0.0	1
1200937091078733824	1.0	2
1201009293316644864	1.0	1
1202134711088353280	1.0	1
1201837269704986624	0.0	2
1203460024217018368	1.0	1
1203713154804518912	1.0	1
1200998468749160448	0.0	1
1202801971943620608	-1.0	1
1201051022124371968	1.0	1
1203553465991139328	1.0	3
1201894346473140224	-1.0	2
1202902691950792704	1.0	1
1205463803808358400	0.0	2
1203285025061519360	1.0	3
1204451997111312384	1.0	1
1202929142137835520	0.0	1
1201037710221295617	1.0	1
1201064067626086401	1.0	2
1204264663195832320	1.0	1
1204552606695092224	0.0	1
1204107263310303232	1.0	1
1203271037057687552	1.0	4
1204693889006931968	1.0	1
1205487487528906753	1.0	1
1203358759705337857	1.0	1
1201322325091799046	0.0	1
1202894422251171841	1.0	5
1200970242312286208	1.0	2
1204927142900797440	1.0	1
1204902434918846465	1.0	1
1200957524477804550	0.0	1
1203058279896756224	1.0	2
1205254579429888001	-1.0	1
1205242275539931137	-1.0	1
1203251855830048769	1.0	1
1205498423014641666	0.0	2
1204442810512007170	1.0	2
1204860079800909824	1.0	3
1202454847498465280	-1.0	1
1205626993884237824	1.0	2
1201487460116680705	1.0	2
1203654752191467520	1.0	1
1200964025225371648	-1.0	1
1204325608987209729	1.0	1
1203843818707128320	1.0	1
1205078190101860352	1.0	1
1201153606658879492	1.0	1
1205474338025213952	1.0	1
1204088287083868162	1.0	1
1202763625150263296	1.0	1
1205356661394853888	-1.0	1
1205259968808570880	1.0	1
1200946899936780289	1.0	2
1200928469552492545	1.0	2
1205100690374299649	1.0	1
1201070996767293441	1.0	1
1204778045107773447	1.0	1
1204354295476428800	1.0	3
1202751315543252994	1.0	1
1205313928521109504	-1.0	1
1205218443835953153	1.0	1
1203365726523817985	-1.0	2
1201515625442500608	1.0	1
1204996318298562560	1.0	3
1204236170504392704	1.0	2
1203591480226598917	0.0	1
1201040210861182977	1.0	1
1204779452556820489	1.0	1
1205118712443031552	0.0	1
1204363603790516224	1.0	1
1204874890727297024	0.0	1
1205212414624428032	1.0	5
1201066408370724864	1.0	1
1202625189495767040	-1.0	1
1204648396507746306	1.0	3
1202882641848160262	1.0	4
1205216966375624705	1.0	1
1201015350071971842	1.0	1
1205290880434765825	-1.0	2
1204798137006788610	1.0	1
1205235517727498240	1.0	1
1205012695826796544	1.0	1
1203994981330894849	1.0	2
1205102809877827585	0.0	1
1202961726293057536	1.0	1
1201625401174319106	1.0	1
1205124713153994754	1.0	1
1201049160029540352	1.0	1
1204673004019560448	1.0	2
1204506557951676417	0.0	1
1205248525761679366	1.0	2
1200949780203134976	-1.0	2
1203307366390865920	1.0	1
1205554238706896896	1.0	2
1201190801906077697	-1.0	1
1203243159481987077	-1.0	1
1201010536193773569	1.0	2
1204094888444186625	0.0	2
1204883049197867009	1.0	2
1202944000992387076	1.0	1
1205496637801426947	1.0	1
1204804384045043713	1.0	4
1204230665442451456	1.0	1
1202985336038711296	1.0	1
1204364141638701056	-1.0	1
1202258335799619584	1.0	2
1204010225579253760	1.0	1
1205524187990953984	1.0	2
1200977540313169921	1.0	1
1205181720217227265	1.0	2
1201049214438006784	0.0	1
1204280957605314560	1.0	1
1203973422931415040	-1.0	2
1201669237410009088	1.0	2
1205330259337498624	1.0	1
1204765425596284928	1.0	1
1204426475270737920	1.0	2
1201062890138226688	1.0	1
1202685911923691520	1.0	1
1203809607769964544	1.0	1
1203666759657644034	-1.0	2
1205186817802158080	1.0	1
1205144990759845888	1.0	1
1204407429020053504	-1.0	2
1202983038281490432	1.0	5
1204101349820026880	1.0	2
1205283713204051968	1.0	1
1200980600418553856	1.0	1
1203498374348996609	1.0	1
1201905857707094022	1.0	3
1203498487473754112	0.0	2
1202918291561472003	1.0	4
1203327497338789889	-1.0	1
1203319522582761472	1.0	1
1203360060715331589	0.0	1
1202371314813718528	1.0	1
1201886467284443136	1.0	1
1201080129071378432	1.0	2
1205061155397537793	1.0	1
1201415256142053376	1.0	3
1205109233676623872	1.0	1
1204345407691575297	1.0	4
1203292481866960899	1.0	4
1203777817365889024	0.0	1
1205147532973793281	1.0	2
1201753675586252800	1.0	1
1200973055276785664	1.0	1
1204890106047283202	1.0	2
1205581742465339392	1.0	1
1205580859614490624	1.0	1
1201042959283707904	1.0	1
1202650252374925315	1.0	1
1200930023903027200	1.0	1
1204716455515676677	1.0	2
1201071291568185344	1.0	1
1203068473427025926	1.0	1
1205215594083233792	1.0	1
1200986836534906880	1.0	2
1205135634685403141	1.0	2
1201057776165896193	1.0	1
1202586019591327744	1.0	4
1202904283655491585	1.0	2
1201043115651547136	1.0	1
1203676352265637888	1.0	3
1202636499537158144	1.0	1
1201068362446655488	1.0	1
1205603171151884288	1.0	2
1202679759026688000	1.0	1
1200955275471134720	1.0	1
1204556316863127552	-1.0	2
1205204907176976386	1.0	5
1201054341932683264	1.0	2
1205267411651432454	1.0	5
1200974852829499392	1.0	1
1202310129154170882	0.0	1
1205257309695303680	1.0	2
1200972879631806465	1.0	1
1200964738445918209	1.0	3
1200938616354004994	0.0	2
1204798255483228160	1.0	1
1204787817626386432	1.0	1
1203046718033539072	1.0	1
1205424870001131521	1.0	2
1201528371987075074	1.0	1
1203535945275822081	-1.0	5
1201630333491273729	-1.0	5
1205095018148573187	1.0	2
1203607446712918016	1.0	1
1200945828107620353	1.0	1
1201184295676760064	1.0	1
1204135863354978304	1.0	1
1202999493987311617	0.0	2
1204367908928778240	1.0	1
1204319924476399616	1.0	1
1203970866398343168	1.0	2
1201518728548098048	1.0	1
1204843650905235459	1.0	1
1203241596440870912	1.0	1
1200955027457744897	1.0	1
1204775123217256451	0.0	1
1204607067459215360	1.0	2
1203874849556439040	1.0	3
1204986901024755712	1.0	5
1203046091110912007	1.0	1
1203267118495666176	1.0	3
1201025679288127488	-1.0	1
1200990636679352320	1.0	4
1201067473287684096	1.0	1
1203636867830308865	1.0	1
1204589621532712960	1.0	5
1201047823292104705	-1.0	1
1204335547591737345	1.0	1
1203232309182251008	-1.0	2
1203501041213460480	1.0	2
1201527009224077312	-1.0	1
1200945494618443776	1.0	2
1201052296248999936	1.0	1
1204773814606807040	1.0	1
1202926906393255936	1.0	2
1204901511496683522	1.0	2
1205323555556204544	0.0	2
1200939041618661377	0.0	1
1204494920360161280	1.0	2
1203302236018954240	1.0	3
1205578376582488073	-1.0	1
1205410066289045504	1.0	1
1204825788857622528	1.0	1
1205068097645957120	1.0	1
1202776159706140673	0.0	2
1201451265429065728	1.0	1
1204394211321225217	0.0	1
1201017867182854149	1.0	1
1204443924603035648	1.0	1
1201070235530530817	1.0	3
1203885010480254977	1.0	2
1203655943969542144	-1.0	3
1203458231793856512	1.0	2
1203131137586941952	1.0	1
1203410852788854784	1.0	3
1201016712033816576	1.0	1
1204117805563559939	0.0	1
1201032081985294337	1.0	1
1201006775811657728	1.0	3
1200984865069387776	-1.0	1
1202165366258057216	1.0	2
1202978388157386753	1.0	1
1203615201293037568	1.0	1
1200963194157748224	1.0	1
1205412211805560839	1.0	3
1204033242946572289	1.0	2
1201064034608369669	1.0	4
1202702701320003584	1.0	2
1201068014692642816	1.0	1
1204768195938258947	1.0	1
1203943138894716930	1.0	4
1204395376163336192	1.0	1
1201073562091737088	0.0	1
1202926817981669376	1.0	3
1204720539236995072	0.0	4
1200960566698921985	1.0	2
1201026791428775936	0.0	1
1205389739970482176	1.0	1
1205525949510561795	0.0	2
1201460563722805248	1.0	1
1205128288722702336	0.0	1
1201071291807088640	1.0	5
1201049205160189952	1.0	1
1202290193706999813	-1.0	1
1200945608451854338	1.0	2
1205511829633617920	1.0	2
1204072089440980992	1.0	3
1204139836665253888	1.0	2
1203459329640161281	-1.0	2
1204329914717155331	1.0	1
1203360125249081345	1.0	3
1204196526739918848	1.0	2
1204729455366656000	1.0	1
1204342495376789504	1.0	2
1204019278657273857	1.0	1
1204927984362283009	1.0	1
1205518481346580480	1.0	1
1204889985696055298	1.0	2
1204853662637592577	1.0	5
1203791719596085251	-1.0	3
1202662645318537217	0.0	1
1201033740316745728	1.0	1
1200972888863649793	-1.0	1
1200936704116322304	1.0	1
1205546671179829248	-1.0	2
1204760573935857664	0.0	1
1204089806625660929	-1.0	1
1205131510661177344	1.0	2
1202554953195229184	1.0	2
1204525210868867073	1.0	2
1204722703464316929	1.0	1
1204234981712654336	0.0	2
1205394097831399424	1.0	2
1203851769849241600	1.0	2
1203184753500815360	1.0	3
1201942551542022145	1.0	2
1202875493441249280	0.0	1
1203621010488123393	1.0	1
1204560886788173824	1.0	1
1203872091134496768	1.0	1
1204136195653095426	1.0	2
1203287802814828544	1.0	1
1204795356694769664	1.0	1
1204221493619462144	1.0	2
1205156287417327628	1.0	1
1200967546360487936	-1.0	1
1200941109360250880	1.0	5
1205259788059324417	0.0	2
1203146025306689536	1.0	1
1200930694559674370	1.0	2
1201024536105410560	1.0	4
1205088039954976768	1.0	2
1202547574894448640	1.0	1
1202590301162004480	1.0	2
1200935628990345216	1.0	1
1203704435702140928	1.0	1
1204161349393141760	1.0	1
1203597219305316352	1.0	1
1205248195770621952	1.0	1
1204567651110019079	1.0	2
1204619955498450944	1.0	3
1203597214695796737	0.0	2
1202604277488922624	1.0	3
1203433403460313089	-1.0	1
1205340923128881153	1.0	2
1203662666574827520	1.0	1
1202713928578543616	0.0	1
1204782214006923265	1.0	1
1204817677228883968	0.0	1
1201370963146727424	-1.0	1
1201070245508734977	1.0	1
1205136406022172673	1.0	1
1204404188412645376	1.0	4
1205300774411988997	1.0	1
1205172713846976512	1.0	1
1205085341234814976	-1.0	2
1204955003590299650	1.0	1
1203288293116391424	0.0	1
1204453282778927108	1.0	4
1204112782494298114	-1.0	1
1201050074723209216	1.0	1
1204751864694099969	1.0	1
1205182940717576192	1.0	2
1202231639914504192	1.0	2
1204504735992041472	1.0	2
1205496078927351808	0.0	1
1204899489963806722	1.0	2
1201948938812702722	1.0	1
1204807385811959808	1.0	1
1201522044728434691	1.0	2
1201049207207018496	1.0	1
1203042448097738752	-1.0	1
1205471932612796421	1.0	2
1204102554361253890	1.0	2
1201072709268054016	1.0	1
1203321995141812224	1.0	1
1201507371773767685	1.0	2
1204408402232954880	1.0	2
1205441696701571082	1.0	2
1201049190836690949	1.0	5
1200934010676924416	0.0	1
1204939563950411776	1.0	1
1204724752889393152	1.0	1
1205539410349047809	1.0	1
1204231869430214656	1.0	2
1203002663635312646	0.0	1
1201228581902409728	-1.0	1
1204753002952679424	1.0	5
1205411077451849728	1.0	2
1203767858825695233	1.0	2
1204015269552828422	1.0	1
1204774057947865089	1.0	1
1201006477693075457	1.0	4
1204306820421931008	1.0	1
1205177619534241793	1.0	1
1204548850226278402	0.0	2
1203688935970476033	1.0	2
1204694192892432384	1.0	5
1205264850743693314	1.0	4
1202598038872690688	1.0	3
1203886608526626817	1.0	2
1202205917481074689	1.0	1
1203696114026844160	1.0	1
1203093927307436034	1.0	2
1204706885879902208	1.0	5
1204799902787739648	1.0	1
1204712333844590592	1.0	2
1203361640844058625	1.0	1
1205509317769781250	-1.0	1
1204553527504359425	1.0	5
1203064937842708480	1.0	1
1201060960699604992	-1.0	1
1201075597516124161	1.0	3
1204620317517209601	1.0	5
1203098699162718208	1.0	5
1204181498603229184	1.0	1
1204111680319320064	1.0	2
1204460772912517120	1.0	1
1203086890108194817	1.0	1
1200950915701719040	1.0	1
1204900629572988928	1.0	1
1202717959472287744	1.0	2
1202904157562310656	1.0	4
1205309446269886469	1.0	2
1202875954655375360	1.0	1
1204834587840569345	1.0	2
1203346613227474946	-1.0	1
1205244444188061701	1.0	5
1205466903231135744	1.0	1
1202398208992915456	0.0	1
1202403284880896000	1.0	1
1205502236375355392	1.0	2
1204757370481651713	1.0	4
1203998485634277376	0.0	4
1205606966376067073	1.0	1
1201002180997570561	-1.0	1
1203471306152300544	0.0	1
1200936223319248897	1.0	1
1202693792500895744	-1.0	1
1201028579204718594	1.0	1
1201070046501580800	1.0	1
1205231535324045312	1.0	1
1204719791937703936	1.0	3
1204269153307123714	0.0	5
1204654025540431872	1.0	2
1204808346018209798	1.0	2
1205484288067588096	1.0	1
1200956521628069888	1.0	2
1203962394671796225	1.0	1
1205092688942567425	1.0	2
1202748721559166977	1.0	4
1202448949870841856	1.0	1
1201054624871960577	1.0	2
1203893951062855681	1.0	4
1201149191189172224	1.0	2
1201073641313558529	0.0	1
1204516119710720001	1.0	5
1201031176875630594	0.0	1
1201328646335557632	1.0	1
1205119533268316160	1.0	2
1201244648536186887	1.0	1
1205130832760971265	0.0	2
1205172003851980800	1.0	1
1204454922239893505	-1.0	1
1203267966420357120	1.0	2
1202961733360459780	1.0	4
1204938644177465344	0.0	2
1204706506018578439	1.0	4
1203198171213488128	1.0	2
1203000521176436736	1.0	1
1204253185054928896	1.0	1
1203724367743639557	1.0	1
1205145858309836800	1.0	2
1204430377118507008	1.0	2
1205250234890125312	1.0	5
1203886032145408000	1.0	3
1205562999420928001	1.0	4
1204061252055683072	1.0	5
1202793088621527040	1.0	2
1204679669166948353	1.0	2
1204412776631820292	1.0	2
1200960450180993024	1.0	1
1202791826605797376	0.0	2
1204908560439660547	0.0	2
1203431972074409986	1.0	1
1204908219149246466	1.0	1
1201072682768445440	-1.0	1
1204717439277125632	1.0	2
1200972944878526464	1.0	1
1205324073334640644	1.0	2
1205043514481856517	1.0	1
1204840083679055875	-1.0	1
1205185218149322754	1.0	1
1201547623838162945	-1.0	1
1200985794820706311	1.0	4
1205222721618993154	1.0	1
1202618111142137856	1.0	1
1205470208753692672	1.0	1
1205223940978667520	1.0	2
1204001586390941701	1.0	1
1202935686602657792	1.0	4
1205221583318659072	1.0	1
1202903068586627074	1.0	1
1201978647051149314	1.0	2
1204553450111066113	1.0	2
1204489554679472129	1.0	1
1204590210702405632	0.0	3
1204820859761897472	0.0	1
1203414229950377985	1.0	2
1200971293186838528	1.0	1
1201063077099163648	1.0	3
1201507441684492288	1.0	2
1201049194439618560	1.0	3
1205164812084371456	1.0	2
1202665489991905280	1.0	1
1202436322595491842	1.0	1
1201078484124065792	1.0	1
1204708669243449344	1.0	1
1202789855895273474	1.0	5
1204360450177003520	0.0	2
1201069490169090048	0.0	1
1201286676406054912	1.0	2
1202945045747384320	1.0	1
1201080432730812416	1.0	1
1204971823806337024	0.0	1
1201025711462666240	1.0	1
1204639275175817216	1.0	1
1205261816672079872	-1.0	1
1201049196201201664	0.0	2
1204844133241671681	1.0	1
1205054942513451008	0.0	1
1203276189235908609	1.0	3
1204567860208553984	1.0	1
1204980130583441408	1.0	1
1202220603547230210	1.0	1
1204496182686433287	1.0	1
1205211084359122954	1.0	1
1202103872074002432	1.0	1
1201035197220831233	1.0	1
1202996517855997955	1.0	1
1205336763557928960	1.0	2
1204830375165464576	0.0	1
1204525848059162625	0.0	2
1201039233076617216	1.0	1
1202603541816315904	1.0	1
1203914032710746113	1.0	1
1204843689253539841	1.0	2
1202931923145953280	0.0	1
1205060011606437888	0.0	2
1204047717133115392	1.0	2
1203055299550220289	1.0	1
1201060700237565953	1.0	1
1200988943279362049	-1.0	1
1204149594935853056	0.0	4
1204538037234884609	1.0	2
1204774783889616896	1.0	1
1204031860214554625	1.0	1
1201937443143999488	0.0	1
1200978067973427201	1.0	2
1200964712952823809	1.0	2
1202724889662251008	1.0	1
1202158527969726464	-1.0	2
1202378802149486592	1.0	2
1205329370702925825	0.0	1
1203625218561982464	1.0	2
1204339937178353664	1.0	1
1201025662192177152	1.0	2
1203017678090358790	1.0	2
1201041712178585600	0.0	4
1200941728380768256	1.0	3
1204466317786537985	0.0	1
1203343061545365505	1.0	5
1202876518319321088	1.0	1
1202681402078089216	1.0	1
1200940181563551	-1.0	2
1203855540033474560	1.0	1
1200957799355863047	1.0	1
1204466244939853824	1.0	2
1204377669963526145	1.0	2
1201013797600673794	1.0	1
1204840394824900608	0.0	1
1205167926757797888	1.0	1
1202699982635225098	0.0	1
1203497270320271360	1.0	1
1203476370040524800	1.0	5
1205486853752868864	1.0	1
1204722823379468288	1.0	2
1205489124578385920	-1.0	1
1200953924707962880	1.0	1
1204632898906644481	0.0	4
1203839150803292160	1.0	2
1205125495794405377	1.0	1
1204167721488977920	1.0	1
1200934749415657472	1.0	5
1200996955062722560	1.0	1
1205540085900496896	1.0	2
1201048297047281664	1.0	1
1201576614057955329	0.0	1
1203070901425561600	1.0	5
1201386770618834944	1.0	5
1201533274394370049	1.0	1
1203271785929748483	1.0	2
1200928035391848450	0.0	1
1202626871340326912	1.0	1
1200929955783180288	1.0	1
1203519915598237697	1.0	1
1202606289857196032	1.0	2
1203002132925952002	0.0	2
1202717341634744322	1.0	3
1201068224210767872	1.0	2
1201865056436260866	1.0	1
1202322309274644484	1.0	1
1205103428374011904	1.0	1
1202188502995292160	1.0	1
1202587880411082759	1.0	2
1205437367395315712	1.0	2
1204158086681964544	1.0	1
1204763264346923011	1.0	1
1200978160164245504	1.0	1
1203298361731899392	1.0	1
1202946755031117825	0.0	1
1201479021520936961	1.0	1
1200954080710905856	1.0	3
1205468439118303233	1.0	3
1204388792746070016	1.0	5
1202772163423559680	1.0	2
1203724934733803522	1.0	1
1201014609315942401	1.0	1
1202988236810969090	1.0	2
1203368834956177409	1.0	2
1203042177661784065	1.0	1
1201548346328047625	1.0	2
1203272576014925824	1.0	1
1204000991378432000	1.0	1
